Sequence,3RVV_A_score,4PP1_A_score,3RVV_A_variance,4PP1_A_variance
CFIFLIINLLIMC,-109.11349,-87.4136,0.18631,1.82089
CVIFLIINLEIMC,-108.6381,-88.44027,0.18633,1.82105
CIIFIIIDLEYML,-109.48406,-88.1607,0.18628,1.8206
CIIFIIIDLQYML,-109.69227,-87.90121,0.18631,1.82085
CWIFIIIDLQYML,-110.59444,-86.31918,0.18631,1.82099
CWIFIIYMLQYML,-105.33788,-86.65543,0.18616,1.81988
NFGIQWLIFFILL,-107.21548,-90.04238,0.18633,1.82128
QFPIMWLILFNLL,-102.42322,-87.68007,0.18632,1.82102
EFPIMWLILFNLL,-102.25592,-88.44893,0.18634,1.82118
KSRFIFQKLILIFFM,-105.23309,-85.41459,0.18612,1.81968
CGPFIFIKLIFLFFQ,-104.32682,-86.3099,0.18617,1.81988
CHPEHFILLIFLYFQ,-102.56093,-87.74338,0.18614,1.81967
CHPEHFILLIFLYIQ,-102.01828,-87.96639,0.18621,1.82013
CHPEHFILLIFLYMQ,-101.85613,-88.5802,0.18617,1.81993
KGPEIFELLVFGYWF,-102.18607,-85.52082,0.18609,1.81949
KNPEIFELLVFGYWF,-102.64567,-85.50634,0.18608,1.81945
KNQEIFELLVFGYWF,-103.45042,-86.17482,0.18608,1.81947
KNSEIFELLVFGYWF,-103.0195,-86.14111,0.18604,1.81914
KNSEIFNLLVFGYWF,-103.77087,-86.23181,0.18603,1.81909
KNSEIFILLVFGYWF,-104.02678,-91.47612,0.18618,1.82007
PNSEIFILLVFGYWF,-105.18399,-92.09815,0.18617,1.82003
PNSEIFILLVFGYTF,-106.02873,-90.50349,0.18632,1.8209
PNSEIFILLVFGLTF,-107.53215,-90.00056,0.1863,1.82076
PNSEIFILLVFLLTF,-103.45708,-90.6504,0.1862,1.82016
PNSEIFIYLVFLLTF,-105.77217,-89.2632,0.18617,1.82002
PNFEIFIYLVFLLTF,-103.53401,-90.38923,0.18629,1.82083
LNHGIFIYLVFLWTF,-106.33102,-85.98762,0.18619,1.81989
LNHSIFIYLVFLWTF,-105.44102,-88.17921,0.18623,1.82028
LNHSIFIYLVFSWTF,-108.69496,-85.48074,0.18628,1.82053
LNHSIFIMLVFSWTF,-107.98268,-87.00951,0.1862,1.82009
LNHSIFIMLVFWWTF,-104.78027,-87.70386,0.18623,1.82029
LNHSIFIMLVFGWTF,-106.56558,-87.29405,0.18632,1.82079
FLFQWEIILMFQFSF,-112.1513,-86.48655,0.18629,1.82071
FLFQWEIILMFQFSV,-111.65393,-86.95386,0.18632,1.82104
FMFDWDFWLYFQFSL,-111.58675,-89.73576,0.18627,1.82095
FWFDWDFWLYFDFEL,-113.68112,-90.66287,0.18633,1.82129
FWFELDFWLYFDFEL,-113.86838,-88.95827,0.18623,1.82052
FMFELDFWLYFDFEL,-112.13425,-90.82304,0.18632,1.82114
FMFELDFWLYFEFEL,-112.65165,-91.22747,0.18634,1.82131
FSCNLEFWIIFEFEL,-113.75798,-88.20384,0.18629,1.82111
FTCPLEFWIIFEFEL,-112.64899,-89.42593,0.18622,1.82065
FTCPLDFWIIFEFDL,-114.31398,-90.12255,0.18627,1.82089
FYCPLDFWIIFEFDL,-114.77729,-90.22384,0.18621,1.82052
FMCPLDFIIIFEFDL,-112.95921,-90.26651,0.18632,1.82114
ILHQIDFMVMLNLIF,-104.80182,-85.84285,0.18615,1.81998
CLHQIDFMVMLNWIF,-105.0948,-85.22219,0.1862,1.8202
LFMMLLIFYFIYEDF,-104.37811,-86.33362,0.18614,1.81953
LFMMLLIFYFSYEDF,-102.12444,-87.11441,0.18621,1.81987
YFMMLLIFYFSYEDF,-103.6251,-86.094,0.18624,1.82009
DMHRCDIIGFLYFQW,-104.71174,-85.30147,0.1861,1.81965
NMAFIDFILFIAYML,-102.58251,-86.42969,0.18611,1.81958
MMAFIDFILFIAYML,-102.83411,-85.74846,0.18614,1.81978
MMAFIDFILFIEYML,-102.92111,-86.20973,0.18614,1.81976
MMAFIDFIIFIEYML,-102.23583,-86.48542,0.18615,1.81988
MMAKIDFIIFIEYML,-102.78934,-86.55614,0.18617,1.82011
CMAKIDFIIFIEYEL,-102.84175,-89.3879,0.1863,1.82103
CAAKIDFIIFIEYEL,-102.09232,-90.03867,0.18625,1.82071
HTNWILFIIWNVFWSLK,-104.85459,-86.006,0.18634,1.82118
HTNWILFIIWNVGWSLK,-104.79908,-86.16056,0.18633,1.82122
SIRFGLWIIMFFEDTIA,-106.44131,-85.60669,0.18621,1.82025
AIFGLEWLYMLAIGIMG,-107.87884,-85.68601,0.18613,1.81989
AEFGLEWLYMLAIGIMG,-108.36675,-85.38063,0.18621,1.82038
DSFGLEILVMWMIGIDE,-106.61639,-88.13072,0.18616,1.81984
DSFLLDIFVMYMIGIDE,-108.56352,-87.485,0.18635,1.82116
DSFLLDIFVMYMIGIDR,-109.06861,-87.23927,0.18631,1.8209
DSFLLDIFVMYMFGIDR,-109.08921,-86.3199,0.18633,1.82101
DSFLLDIFVIYMFGIDR,-110.48259,-86.83756,0.18628,1.82065
DSFLLHIFVIYMLGIDR,-111.66513,-86.44172,0.18629,1.82079
DLFLLWITVIYVLVIDY,-110.05467,-85.42248,0.18616,1.81966
YLWLLWFLVIYYLCVME,-109.66765,-88.35396,0.18624,1.82048
LLNVDWSTCFLFFLIYE,-105.3689,-85.32565,0.18623,1.8205
LLNVQWSTCFLFFLIYE,-105.93368,-85.35038,0.18617,1.82014
LLVVQWSTCFLFFLIYE,-105.82414,-86.15196,0.18625,1.82055
LLVVWWSTVFLFFLIYE,-106.24208,-86.31566,0.1863,1.82088
LLAVWWSTVFLFFLIYE,-105.73638,-86.37714,0.1863,1.8209
ILYMGWSALFLFAFMIM,-111.47551,-85.38313,0.18607,1.81938
ILYMTWSALFLFAFMIM,-110.4444,-85.66801,0.18603,1.81901
ILYMTWSALFLFLFMIM,-109.55888,-87.32203,0.18609,1.81945
HLYMTWSALFLFLFMIM,-107.90012,-87.40691,0.18607,1.8193
HLYMTWSYLFLFLFMIM,-107.70621,-89.10522,0.18623,1.82032
HLYMTWEYLFLFLFMIM,-107.37552,-90.19282,0.1863,1.82084
HLYITWEYLFLFLFMIM,-108.29114,-90.87416,0.18626,1.82062
HLYITWAYLFLFLFMIM,-108.59625,-88.0625,0.18627,1.82056
DLYITWEGLFLFPFMFM,-107.7255,-85.48711,0.18629,1.82097
DLYITWEGLFLFPFMPM,-105.05918,-86.04873,0.18634,1.82115
DLYITWEGLFLFPFMSM,-105.36719,-85.7562,0.1863,1.82094
DLWITWEGLFLFPFMSM,-105.32394,-85.94577,0.18627,1.82083
DLWIPWEWLFLFPFPYM,-107.24288,-87.98652,0.18631,1.8209
DLMIHWEWCFFFPFLYC,-107.98561,-86.90613,0.18627,1.82082
DVMIAWEWCFFFPFLYC,-106.96528,-87.14453,0.18632,1.82096
DVMIAWEWMFFFWFLLC,-103.86416,-89.81868,0.18635,1.82112
VVMIAWKWFFFFWFTLE,-105.87298,-86.15545,0.18633,1.82098
VVRIAWKWFFFFWFTLE,-104.7225,-87.44235,0.18627,1.82065
VVRIAWKWFFFFWFTLY,-104.29825,-88.52992,0.1862,1.82022
VVRIAMKWFFFFWFTLY,-105.10005,-86.67195,0.18615,1.81981
FVRIAMKWFFFFWFTLY,-105.1011,-86.8066,0.18612,1.81963
FVRIAMKWFFFFWFTPY,-102.2829,-86.91839,0.18614,1.81967
QVRIAWKSFFFFRFTPY,-101.86047,-85.62477,0.18618,1.82012
QVRIAWKSFFFFDFTPY,-103.14754,-85.67797,0.18618,1.82007
QVRIAWKSFFFFDFTPR,-103.63186,-86.16671,0.18629,1.82088
QVRIAWKSFFFFDFEPR,-104.53061,-85.65876,0.18634,1.82133
QVRIAWKSFFFFDFPPR,-105.02938,-85.34664,0.18625,1.82072
HPKAYMAWIFFIYFMFKPV,-102.77802,-85.40986,0.18627,1.82043
MGDSILMIIFFPRFFFKYI,-110.07838,-87.2438,0.18625,1.82037
IGDSILMIIFFPRFFFKYI,-110.46389,-87.20421,0.18627,1.82048
IGDSILMIVFFPRFFFKYI,-110.47198,-85.36975,0.1862,1.82003
FWWVHLSLLFLMQFNGCWG,-113.88402,-86.35207,0.18635,1.821
FWWVHLSLLFLMQFVDCWY,-111.81271,-85.26971,0.18622,1.82012
FSHVSLSLLFLMQFYDCWY,-109.06817,-85.97293,0.18621,1.82002
FSHVSLNLLFLMQFYDCWY,-109.38333,-85.56793,0.1862,1.81998
FSHVSLNLLFLMQFYDCWT,-108.11235,-85.88679,0.18625,1.8202
FSHVSLNLLFLMQFWDCWT,-107.82777,-85.81931,0.18633,1.82081
FSHVSLNLLFLMAFWDCWG,-107.25604,-85.86385,0.18634,1.82089
WSHVSLNLLFLMAFWDCWT,-107.42801,-85.80651,0.18635,1.82119
YSHVSLNLLFLMAFSDCWT,-108.60355,-86.32115,0.18627,1.82047
YSHVSLNLLFLMFFSDCWT,-107.532,-86.42193,0.18624,1.82046
YSHVSLNLLFLMFFSRCWT,-108.39415,-86.49538,0.18627,1.82062
YMHVSLNLLFLMFFSRCWT,-109.53691,-86.76379,0.18626,1.8204
YMHYSLNLLFLMFFSRCWT,-108.97278,-87.46237,0.18628,1.82064
YMHYSLNLLFLMFFERCWT,-109.86866,-88.36174,0.18632,1.82092
FMHYSLNLLFLMFFERCWT,-110.34931,-88.11376,0.1863,1.82076
FMHGSLNLLFLMFFERCWT,-110.48445,-88.37696,0.18621,1.82027
FMKGSLNLLFLMFFERCWT,-108.30446,-88.53857,0.18616,1.81991
FMKGSLKLLFLMFFERCWT,-108.47531,-89.99879,0.18614,1.81981
FMKGSLKLLFLMCFERFWT,-108.59969,-89.38528,0.18622,1.82018
FMGGSLKLLFLMCFERFWT,-110.51258,-88.95294,0.18622,1.82023
FLGGSLKLLFLMCFERFWT,-110.70123,-88.96783,0.18619,1.82006
FLVGSLKLLFLMCFERFWT,-111.86515,-89.11726,0.18623,1.82025
FLVGSLKLLFLMCFEVFWT,-113.77777,-88.35628,0.18624,1.82026
FCVGSLKLLFLMCFEVFWT,-113.99663,-88.2223,0.18628,1.82055
FCVGSLKLLFLMCFLVFWT,-107.85404,-89.58504,0.18616,1.81989
FCVGSLKLLFLMMFLVFWT,-106.39875,-90.39206,0.18608,1.81921
FCVGSLKLLFLMMFKVFWT,-110.66817,-87.55477,0.18616,1.81975
DIQMFLFYLFDLMFMVDCM,-111.18351,-88.35726,0.18627,1.82051
DIQMFLFYTFDLMFMVDCM,-111.20099,-87.37598,0.18618,1.82001
DIQMFLFYTFDLMFMVDCA,-111.74579,-87.90874,0.18617,1.81986
DIQMFLFYTFDLMFMVLCA,-111.67172,-88.97564,0.1862,1.81995
DIQMFLFYTFDLMFMVICA,-111.58439,-89.38568,0.1862,1.81996
YIQMFLFYTFDLMFMVICA,-111.88665,-89.63772,0.18618,1.81983
YINMFLFYTFDLMFMVICA,-112.61668,-89.34661,0.18618,1.81985
YINMFLFYTFDLLFMVICA,-114.27437,-91.01686,0.18618,1.81988
YINMFLFYTFDLLFMFICA,-114.53382,-90.60064,0.1861,1.81932
YINMFLFYAFDLLFMFICA,-116.28724,-90.27983,0.18612,1.81946
YINMFLFVAFDLLFMFICA,-111.77133,-90.29695,0.18604,1.81898
YINMILFVAFDLLFMFICA,-111.37634,-90.36694,0.18592,1.81808
YINWILFVAFDLLFMFICA,-111.91561,-89.42095,0.18594,1.81827
YINWILFVAFDLLFMFTCA,-112.36687,-88.94367,0.18599,1.81851
YINWILFVAFDLLFMFTCH,-112.37012,-88.25862,0.18598,1.8185
YILWILFVAFDLLFMFTCA,-112.65808,-87.26186,0.18613,1.81949
YILWILFVAFFLLFMFTCA,-109.49149,-90.00569,0.18632,1.8207
YILWILFVAFFLLFNFTCA,-109.94922,-89.08653,0.18628,1.82023
YILWILDVAFFLLFNFTCA,-112.69319,-88.54422,0.18621,1.82018
YILWILDVAFFLLFNFTCG,-112.75674,-88.70991,0.18623,1.82033
YILWILDVAFFLLFNFTCY,-112.20047,-88.77358,0.18619,1.82005
YILWILDVAFFLLFNFTFY,-113.33744,-88.51549,0.18614,1.81971
YLLWILDVAFFLLFNFTFY,-113.48357,-88.5704,0.18614,1.81974
YLLWILDVAFFLCFNFTFY,-113.80262,-86.30607,0.18631,1.82097
YLLWILDFAFFLFFNFTFY,-113.65102,-89.20586,0.18625,1.82041
YLLWILFFAFFLFFNFTFY,-113.02734,-89.84451,0.18621,1.82002
YLLWILFFAFFLFFNFTFM,-113.11209,-90.20342,0.18622,1.82007
TQNDHLVIFYYPFLWCIVN,-107.17399,-85.66442,0.18609,1.81944
YQNDHLVIFYYPFLWCIVN,-107.36366,-85.72477,0.18609,1.81943
YPNDHLVIFYYPFLWCIVN,-108.14433,-85.43164,0.18613,1.81965
YPQDHLVIFYYPFLWCIVN,-108.01139,-85.48168,0.18615,1.81979
YPQDHLVIFYYPFLWLIVN,-111.56978,-87.32403,0.18617,1.81999
YPQDHLVIFYYPFLWLIVT,-112.49663,-87.96482,0.18617,1.81999
YPQDHLVIFYVPFLWLIVT,-109.84538,-86.82046,0.18633,1.82108
YPQPHLLIFYSPFSWCIVL,-108.30938,-85.29898,0.18616,1.81992
YPQPHLLIFMSPFSWCIVL,-110.09935,-86.64893,0.18619,1.82005
YPQWHLLIFMFPFSWCIVL,-107.37058,-90.78211,0.1863,1.82078
YPQAHLLIFMFPFSWCIVL,-110.176,-90.77963,0.18615,1.81976
HPQAHLLIFMFPFSWCIVL,-109.4117,-90.77157,0.18615,1.81979
HGQAHLLIFMFPFSWCIVL,-110.33844,-90.86193,0.18616,1.8199
HGQAHLLIFMFPFGWCIVL,-111.34219,-90.95178,0.18633,1.821
HGHAHLLIFMFPFGWCIVL,-112.23168,-91.1112,0.18629,1.82084
HGHEHLLIFMFPFGWCIVL,-113.32034,-92.16424,0.18625,1.82056
HGHEHLLIFMFPFRWCIVL,-112.97897,-89.80124,0.18632,1.82094
HGHEHLLIFVFPFRWCIVL,-111.22124,-89.50594,0.18628,1.82066
HGHEHLLIFNFPFRWCIVL,-111.34118,-85.89541,0.18617,1.82
HGHEHLLIFNFPFLWCIVL,-111.72587,-87.86972,0.18624,1.82045
HGHEALLIFNFPFLWCIVL,-112.13434,-86.19201,0.18613,1.81971
HGCEALLIFNFPFLWCIVL,-112.98099,-87.30675,0.18624,1.82047
HGCEALLIFNFPFLVCIVL,-112.6942,-85.74244,0.18625,1.82051
RGCFALLIFMFPTLVIIIL,-108.78689,-85.43102,0.18631,1.82091
RGNNALLYFIFPKLVIIIL,-109.75649,-87.79723,0.18615,1.81992
RGNNALLYFIFPPLVIIIL,-110.78924,-87.09369,0.18626,1.8206
LGNNALLYFIFPPLVIIIL,-110.72183,-87.09646,0.18624,1.82041
LGNNALLYFIFPPLVQIIL,-111.78416,-85.24617,0.18627,1.82054
LQNNALLYFIFYPLVQIIL,-112.53658,-87.54092,0.1862,1.81998
LPANPKLYFIFYELVQIIL,-110.16865,-85.27136,0.18614,1.81965
DSGLLFLNFMFTWLLAIIL,-110.23139,-85.28739,0.18627,1.82055
DSGLLFLNFLFTWLLAIIL,-110.05139,-86.91811,0.18625,1.82037
DSGLLFLNFLFTWWLAIIL,-110.67961,-86.17543,0.18626,1.82045
DSGLLFLNFLFGWWLAIIL,-111.00852,-85.77372,0.18625,1.82047
DSDLLFLYFLRCRVLAIIL,-108.30282,-86.00575,0.18632,1.82099
GIDLFFLYFLLCGVFAILL,-109.96948,-87.14193,0.18631,1.82081
GIDLFFLYFLLCSVFAILL,-109.27904,-87.4055,0.18623,1.82032
GIDLFFLYFLLCSSFAILL,-107.59675,-87.92223,0.18627,1.8206
GIDLFFLSFLLTFSFAILL,-110.47498,-85.41189,0.18621,1.82003
GIDLFFLPFLLTFSFAILL,-110.65195,-86.68153,0.18629,1.82063
GIDLFFLPFLLTFSFAWLL,-110.84762,-85.69128,0.18629,1.8206
GIDLFFLPFLLVFSFACLL,-110.10849,-88.70398,0.18629,1.82056
GIHLFFLPFLLVFSFACLL,-110.27717,-87.70924,0.18629,1.82058
GIHLFFLPFLLVFSFACRL,-110.29972,-87.55448,0.18634,1.82106
GIHLFFLMFLLVRSFACRL,-107.7201,-85.60881,0.1863,1.82083
GIHLFFLMFLLVVSFACCL,-107.36585,-91.41251,0.1862,1.8201
HIDLFLLMFLLVKIFMCCC,-110.73061,-87.8177,0.18633,1.82089
HIDLFLLMFLLVKIFNCCC,-111.75293,-85.98323,0.18633,1.82083
HIDLFLLMFLLVKIFHCCC,-110.64874,-87.56768,0.1863,1.82089
HIDLFLLTFLLVYIFHCCE,-109.36209,-89.61285,0.18634,1.82076
HIDFFLLRFFLVYIFHCNE,-108.48765,-87.84024,0.18634,1.82091
HIDFFLLRFFLVYIFHCNV,-112.1239,-88.1725,0.18626,1.82044
HIDFFLLRFFLVYIFHCTV,-111.81125,-88.64047,0.18632,1.8208
HIVFFLLRFFLVYIFHCTV,-109.98493,-88.66574,0.18625,1.82042
HIVFFLLRFFLVYIFHCTL,-110.23026,-88.19578,0.18634,1.82092
AIVFFALRFFLMYIFYCDL,-108.98367,-86.65024,0.18619,1.81987
AIVFFAIRFFLMYIFYCDL,-108.01831,-86.75881,0.18622,1.82006
AIVFFAIRFFLWYIFYCDL,-111.70709,-86.52952,0.18618,1.81969
AIVFFFIRFFLWYIFYCDL,-112.5109,-88.46994,0.18634,1.82084
AIVFLFICFFFVIIFYCDL,-111.49634,-90.76413,0.18631,1.82083
PIVFLFICHFFVLIFYCDL,-112.54104,-85.86177,0.1863,1.82072
RIWFLFIRHFFVLIFYCDL,-112.36593,-88.54066,0.18635,1.82091
RIWFLFIRHFFFLIFYCDL,-111.84832,-89.26455,0.18633,1.82078
RIWFLFIRHFFFLFFYCDL,-111.83175,-89.15614,0.18628,1.82043
RIWFLDARHFFFLFFYCDL,-107.51676,-87.58515,0.1863,1.82077
TIWFLDARHFFFLFFYCDL,-106.92316,-87.57544,0.18631,1.82084
TIWFLDARHFFFLFFYCDI,-106.86092,-87.67156,0.18632,1.82097
TIWFLDARHFFFLTFYCDI,-107.54561,-86.85163,0.18621,1.82023
TIWFLDARHFFFLTFYCMI,-108.24312,-85.86725,0.18621,1.82024
TIWFLDARQFFFLTFYCMI,-108.07158,-86.28928,0.18627,1.82068
TIWFLDARHFFFLTFYAMI,-107.99018,-85.90016,0.18616,1.81989
TITFLDARHFFFLTFYAMI,-104.46016,-86.08007,0.18599,1.81874
TITFLDARHFFFLTFYEMI,-103.04748,-86.15975,0.18598,1.81864
TITFLDARHFFFLTFDEMI,-104.77428,-85.45236,0.18601,1.81896
