Sequence,4YUE_C_score,5LQB_A_score,4YUE_C_variance,5LQB_A_variance
LWLWIIHFPAFLG,-95.39451,-105.64028,0.22038,1.46412
IWLNTFHFPQFLS,-92.34927,-103.04854,0.22037,1.46408
TWLNTFHFPQFLS,-91.52032,-103.86781,0.22036,1.46408
TWLYTFHFPQFLS,-96.76006,-104.79277,0.22027,1.46359
FGMLGLGFMMMLC,-90.9383,-103.70586,0.22036,1.46401
FGMLGLGFMMMLQ,-91.47435,-104.56631,0.22035,1.464
ILILVISFEFLLY,-100.26536,-104.12009,0.22016,1.46277
ILITVISFEFLLY,-95.90378,-104.33414,0.2201,1.46249
ILIAVISFEFLLY,-96.60619,-104.37383,0.22013,1.46266
ILIAVISFEFLLR,-95.49339,-105.03597,0.22024,1.4633
ILIAVIPFEFLLR,-94.3843,-105.29812,0.22025,1.46338
ILIAVLPFEFLLR,-94.07806,-106.31076,0.22021,1.46317
ILFEELGFEFLGL,-93.72707,-103.78973,0.22037,1.4642
ILFPELGFEFLGL,-94.46651,-102.70404,0.22034,1.46398
ILFWIGAFEFLYH,-96.13726,-104.02425,0.22036,1.46397
ILFQIGAFEFLYH,-93.64007,-104.09889,0.22026,1.46341
ILFLIGAFEFLPH,-92.06955,-104.47609,0.22033,1.46378
IIFLFGKFMFFWM,-96.4007,-103.16305,0.22017,1.46278
IIFLFGKFCFFWD,-95.62051,-102.90661,0.22033,1.46379
IAFLEFGFCFFWD,-98.7629,-103.3554,0.22023,1.46329
IAFLEFGFIFFKY,-94.77206,-103.56212,0.22016,1.46294
FRFLGLGLMVFVS,-92.747,-102.77594,0.2203,1.46363
FICKWFAIMFFKYLR,-91.34327,-103.08488,0.22028,1.46343
FICKWGAIMFFKKLR,-91.06718,-103.74871,0.22024,1.46341
FPFVCQINLFFLLVF,-97.80026,-103.2023,0.22039,1.46401
FPFACGIFLFFLLVF,-96.69237,-103.12017,0.22035,1.46381
FPFACGIFLFFLLVW,-96.22909,-103.28349,0.2203,1.46352
FYFACGIFLFLLLVW,-96.17093,-104.1265,0.22027,1.46334
FYFACGIFLFLLLVD,-94.27517,-104.06121,0.22039,1.46408
FYFKCGIWLFLTLLD,-93.49755,-103.82996,0.22028,1.46362
FYFMHQIELLLWLLD,-99.7807,-102.87004,0.22029,1.4635
FEFMHQIELLLWLLD,-97.98407,-103.27936,0.22028,1.46344
FEFMHQIELGLWLLM,-99.89702,-102.97674,0.22018,1.46297
FEFMFQIELGLWLLM,-104.55505,-103.57847,0.22019,1.46299
FEFMFQICLGLWLLM,-103.80044,-103.70098,0.22038,1.46401
FEFMFQICLGLELLM,-98.00162,-104.97068,0.22037,1.46399
FELVFIIFVGLECLF,-97.81271,-104.68494,0.22025,1.46336
CCLLFCIFVGLENLF,-93.52556,-106.519,0.22025,1.46334
CPLLFCIFVGLEFLF,-96.72281,-105.66143,0.22036,1.46392
CPLLFCIFMGLEFLF,-95.54646,-105.79988,0.22036,1.46393
CWLLLCIFGLLEFLF,-95.26973,-108.0369,0.22036,1.4639
CWLHLCIIGALRFLF,-96.77062,-105.49435,0.22038,1.46407
CWLFLCIIDALRFLF,-97.69594,-106.6279,0.22037,1.46389
CVLFLCIIDALRFLF,-96.71952,-107.21105,0.22033,1.46367
CVLFLTIIDALRFLF,-96.93555,-106.67399,0.22004,1.46209
CVLFLTIIDPLRFLF,-97.15977,-107.17422,0.22023,1.46317
CELFLTIIDPLRFLF,-97.15437,-104.23793,0.22024,1.46322
CTLFLTIIDPLRFLF,-97.04032,-105.33325,0.22016,1.46275
CTLFLTIIRPLRFLF,-97.23002,-104.5003,0.22005,1.46215
CTLFLTIIRPLIFLF,-97.66401,-104.83971,0.22012,1.46255
CNLFLTIIRPLIFLF,-97.76118,-103.60892,0.22022,1.46313
CNLFLTIIDPLIFLF,-98.07567,-103.9255,0.22036,1.46396
CNLFLTIIPPLIFLF,-97.48731,-104.66396,0.22031,1.46368
CNLFLVIIPPLIFLF,-96.95231,-104.88703,0.2204,1.46407
CNLFLTIIPPLIFQF,-96.6244,-105.13968,0.22039,1.46403
CALFLHIFPPLIFNF,-95.64938,-106.57185,0.2204,1.46408
CCLFLQISPMLMFNV,-94.13368,-103.36088,0.22025,1.4633
CFLFLQISPMLMFNV,-95.26724,-103.66782,0.22025,1.4633
CFLFLQISPNLMFNV,-96.4325,-103.32317,0.22023,1.4632
CFLFLQISPNLMFQV,-96.9671,-103.22073,0.22026,1.46336
CLLFLQISPNLMFQV,-97.30281,-103.18703,0.22021,1.46308
CLLFLQIVPNLMFQV,-97.20605,-106.75876,0.22036,1.46385
CLLFLQIGPNLMFQV,-98.33966,-103.26159,0.22033,1.46369
IRTLFMFNCIPFLLT,-92.7983,-104.05391,0.22038,1.46406
IMCLFMFNYIPFLNS,-93.04259,-106.60668,0.22035,1.46392
INMMLHFDLVKLLAG,-91.07747,-105.48059,0.22028,1.46359
GNMMLHFDVVGFLTF,-92.30899,-105.05415,0.22031,1.46364
GVMMLHFDVVGFLTF,-93.5211,-104.74499,0.22016,1.46281
EVMMLHFDVVGFLTF,-93.48417,-104.02187,0.22013,1.46267
ERMMLHFDVVGFLTF,-92.08991,-104.90087,0.22022,1.46317
ERMMLHFDVVHFLTF,-92.64777,-104.37491,0.22033,1.46384
IRHMLHMTLFWFLTF,-93.02035,-104.05758,0.22013,1.46261
IRHMLHMDLCWFLTF,-92.18536,-103.09975,0.22036,1.46401
IRHMLHMDLCWFLPF,-91.75111,-103.6731,0.22035,1.46392
IRHILSMRLPLFLPF,-95.53222,-103.38777,0.22004,1.46218
IRHILSIRLPLFLPF,-96.27801,-103.57165,0.21999,1.46183
IRHILSIYLPLFLPF,-93.97202,-103.80436,0.22007,1.4623
IRHILSIYLPLFLSF,-95.73364,-104.017,0.22,1.46193
IRHFLSIYLPLFLSF,-95.75407,-104.05487,0.2201,1.4625
IRHFLEIYLPLFLSF,-96.21721,-103.70771,0.22019,1.46298
IHHFLEIYLPLFLSF,-96.60926,-104.11767,0.22028,1.46345
IMHFLEIYLPLFLSF,-97.56534,-105.95374,0.2203,1.46358
IMHFLEIMLPLFLSF,-96.60898,-107.6162,0.22023,1.46324
IMHMLEIMLPLFLSF,-97.00195,-107.00632,0.22012,1.46259
IMHMLEIFLPLFLSF,-96.42901,-107.7154,0.2202,1.46305
IMKMLEIFLPLFLSF,-95.42675,-108.11057,0.22013,1.4626
IMSMLEIFLPLFLSF,-95.59047,-108.09716,0.22007,1.4623
IMSMLEITLPLFLSF,-99.19918,-103.90864,0.21999,1.46189
IMYMLEITLPLFLSF,-101.25288,-104.11775,0.22011,1.46252
IMYMLEIHLPLFLSF,-101.40327,-105.0253,0.22018,1.46289
IMYMLEIHLSLFLSF,-100.97215,-103.94089,0.22014,1.46271
IMYMLEIHLSLFLSH,-100.61347,-104.45143,0.22023,1.46319
IMIMLEIHLSLFLSH,-102.21736,-105.286,0.22029,1.46348
IMIMLEIHLSLFLGH,-101.61321,-105.7606,0.2203,1.46352
IMIMLEIHLSLFLGW,-102.33395,-105.50906,0.22019,1.46294
IMIMLEIHLSLFLHW,-103.47491,-104.69891,0.22018,1.46288
IMIMLEIMLSLFLHW,-97.81129,-105.71113,0.22003,1.46198
IMIMLEIMLSLFLHR,-98.05573,-104.60529,0.2201,1.46245
IMIMLEIMLDLFLHR,-96.95854,-105.10502,0.22011,1.46249
IMIMLEIMLRLFLHR,-98.47074,-105.14068,0.22007,1.46226
IMIMLEIMLRLFLTR,-99.34547,-104.79548,0.22012,1.46256
IMIMLTIMLRLFLTR,-98.5946,-104.82558,0.21999,1.46182
IMIMLQIGLRLFLTR,-102.28138,-102.74842,0.2201,1.46244
IMIMLMIGLRLFLTN,-96.86435,-103.31554,0.22038,1.46394
IMIMLMIGLRLFRTN,-92.21184,-103.36368,0.22035,1.46382
IGIWLGICLGLFRFN,-97.41724,-104.69772,0.22029,1.46365
IGIWLGICLGLFRFH,-98.29169,-104.47056,0.22031,1.46371
IGIWLAICLGLFRFH,-96.55685,-104.90793,0.22027,1.46347
IGIWLALCLGLFRFH,-96.1816,-105.11128,0.22026,1.46339
IGIWLALCLGLFLFH,-99.26838,-104.81483,0.22038,1.464
IGIWLALCLGLFLFY,-99.96634,-105.04161,0.22034,1.46381
WGIWLIGCLGLFLFY,-94.57801,-104.19016,0.22041,1.46421
WGMVLIGCLGFFLFY,-96.30882,-103.17564,0.22022,1.46312
WGMVLIGCLPFFLFY,-94.18169,-104.10309,0.22033,1.46369
WGMVLIGCLPFFYFY,-94.50313,-104.32127,0.22021,1.46301
WHMVLIGCLPFFYFY,-94.89447,-104.47261,0.22025,1.46335
WHMVLIGCLLFFYFY,-95.2271,-104.09654,0.22027,1.46337
WHMVLIGCLMFFYFY,-95.3011,-104.41457,0.22029,1.46354
WSMVLIGCLMFFYFY,-93.5534,-104.38631,0.22029,1.46345
WSMVLIGFNMFFYFY,-97.45867,-103.9723,0.22033,1.46373
WSMVLIVFNMFFYFY,-94.58899,-103.99494,0.22013,1.46258
WPMVLIVFNMFFYFY,-94.99565,-103.97228,0.22025,1.46321
WPMVLIVFQMFFYFY,-93.09908,-104.25833,0.22018,1.46283
WPMVLIVFQMFFYFS,-91.91188,-104.72391,0.22025,1.46315
WPMVLIVFQPFFYFS,-92.45934,-105.71603,0.22024,1.46329
VIWMIIFMDFIYNWMLQ,-91.75957,-102.98428,0.22027,1.46325
CIWHIQFMDFIYNWMLQ,-93.25827,-102.86961,0.22036,1.46387
LWAYPIILWFYLDWVIW,-95.95319,-104.85068,0.22022,1.46292
LWAYPIIIWFYLDWVIW,-95.98917,-104.29172,0.22027,1.46314
LWWYPIIIWFYLDWVIW,-96.6374,-105.24693,0.22036,1.46363
LWWAPIIIWFYLDWVIW,-97.74312,-104.2571,0.22034,1.46374
LWGAPIIIWFYLDWVIW,-98.27595,-103.82723,0.22038,1.46387
LWGYKIIILFYLDWVIW,-96.49082,-103.56358,0.22027,1.46322
LDGYKIIILFYLDWVIW,-93.26814,-103.56345,0.22012,1.46244
LDLYKIIILFYLDWVIW,-94.82729,-105.06829,0.2201,1.46235
WDLYKIIILFYLDWVIW,-94.78378,-104.83172,0.22015,1.46264
WDLYKIIILFYLDWVIA,-94.96362,-105.28641,0.22015,1.46265
WDLYKIIILFYLDRVIA,-93.66198,-106.38351,0.22019,1.46288
WPLYKTIILFYLDRVIA,-94.4455,-103.02441,0.2201,1.46232
WPLMKTIILFYLDRVIA,-95.09538,-104.06952,0.22,1.46181
WPLMKNIILFYLDRVIA,-96.20769,-103.34722,0.22005,1.46209
WPLMKNIWLFYLDRVIA,-95.20413,-104.33143,0.22039,1.46388
WPLQKNIWLFYLDRVIA,-95.08568,-104.57292,0.22033,1.46364
WPLQLNIWLFYLDRVIA,-95.14002,-103.25332,0.2203,1.46358
WILQLYIWLFYLDRVIA,-96.90285,-106.7938,0.22039,1.46401
WILQLYIWLFYLDRLIT,-96.52945,-107.68836,0.22027,1.46322
GILQIHIWLFWLYRIIL,-98.20589,-103.41844,0.22041,1.46411
GILQIHIWLFNLYRIIL,-95.52602,-103.49447,0.22021,1.4631
GILQIHIWLFNLYRIII,-95.46824,-103.50067,0.22021,1.46309
GILQIIIWLFNLYRIII,-94.59162,-106.88277,0.22031,1.46353
GILQICIWLFNLYRIII,-95.04063,-106.22758,0.22034,1.46377
GILQICIWLFNLYFIII,-95.9643,-106.3073,0.22039,1.46391
GILQIIIWLFNLYFIII,-96.12651,-107.6396,0.22021,1.46296
FILQIIIWLFNLYFIII,-97.78805,-108.47805,0.22022,1.46295
FIDQIIIWLFNLYFIII,-99.08282,-107.83001,0.22013,1.46253
FIDQIIIWLFNLYFIIG,-98.01884,-107.94792,0.22022,1.46304
FIDQEIIWLFNLYFIIG,-96.06038,-108.55395,0.22025,1.4632
FTDQEIIWLFNLYFIIG,-95.03004,-108.9287,0.22028,1.46336
FTDQEIIWLFNLYFIWG,-95.53953,-108.88036,0.22023,1.46308
FTDQEIIFLFNLWFIWG,-95.06357,-107.45493,0.2203,1.46342
FTDQEIIFLFNLYFIWG,-96.33395,-107.54086,0.22005,1.46203
FNDQEIIFLFNLYFIWG,-96.59978,-107.89832,0.22009,1.46224
FNWQEIIFLFNLYFIWG,-95.1999,-108.26168,0.22005,1.46208
FNWQEIIFLFNLFFIWG,-93.73014,-110.1238,0.2201,1.46229
FNWQEIIFLFNLFFIWM,-94.68095,-110.43878,0.22006,1.46213
FNWQLIIFLFNLFFIWM,-96.9409,-110.18889,0.22012,1.46237
FNWQLIIFLFNLFFIGM,-95.83797,-110.26469,0.22025,1.46309
FNWQLRIFLFNLFFIGM,-96.36371,-107.44506,0.22018,1.46284
FSWQLRIFLFNLFFIGM,-96.11806,-107.85636,0.22017,1.46279
LSWQLRIFLFNLFFIGM,-95.78095,-108.05212,0.22015,1.46267
LSWQLRIFLFNLFFIRM,-96.2843,-107.00597,0.22008,1.46229
KCWVVISLEMFQFLSLV,-90.91173,-104.11914,0.22004,1.4621
KMWVVISLEMFQFLSLV,-91.85349,-106.19346,0.22004,1.46212
KMWVVISLEMFQFLSIV,-91.61386,-105.98476,0.22005,1.46216
MIGVMLWICFVNGLSFF,-95.82038,-105.974,0.2201,1.46237
MITVMLWICFANGLSFF,-95.54612,-103.88569,0.22035,1.46371
MITVMLWIMFANGLSFF,-94.33879,-105.33124,0.22018,1.46283
MITVMLWIHFANGLSFF,-96.4312,-102.89711,0.22023,1.46303
MITVMLWIHFANGLIFF,-96.46273,-103.25071,0.22025,1.4632
MITVMLWIHFANGLLFF,-96.94734,-103.62713,0.22024,1.46317
MITVMLWIMFANGLLFF,-95.83157,-105.26619,0.22029,1.46348
MIVVMLWIMFANGLLFF,-94.42114,-105.12861,0.22033,1.46371
MIVVMLWIVFANGLLFF,-95.99138,-104.93038,0.22036,1.46384
MIAVMLWIVFANGLLFF,-96.57062,-104.80457,0.22032,1.46355
MIARMLWIVFANGLLFF,-97.92066,-104.55282,0.22019,1.46294
MIARMLWIVFRNGLLFF,-98.12915,-104.77346,0.22026,1.46319
MIARMLWIVFRNHLLFF,-97.97502,-104.78985,0.22021,1.46292
MIARMLWIVFRNRLLFF,-96.95762,-105.3556,0.22021,1.46295
MIARMLWIVFCNRLLFF,-94.83147,-105.88634,0.2204,1.4641
MIARMLWIVFLNRLLFF,-95.50056,-108.28305,0.2202,1.46289
MIARMLWIQFLNRLLFF,-95.99303,-104.78486,0.22015,1.46278
MIAPMLWIQFLNRLLFF,-92.7583,-105.2511,0.22017,1.46286
MIAPMLWIDFLNRLLFF,-92.84112,-104.39872,0.22019,1.46299
MIAPMLWIDFLNRLHFF,-93.0438,-104.13631,0.22018,1.46295
MIAPMLWILFLNRLHFF,-92.11618,-109.11331,0.22016,1.4627
MIAPMLWIYFLNRLHFF,-92.35098,-107.31308,0.22016,1.46274
MIAPMLWIYFPNRLHFF,-93.42704,-102.99513,0.22036,1.46387
MIAPMLWIYFPNRLLFF,-94.82252,-103.42124,0.22037,1.46397
MIFAELWIYMCDQLQMP,-92.28666,-104.16144,0.2204,1.46415
MIFEELLIYMCDDLQMP,-91.34032,-106.3189,0.22039,1.46413
MIFEELLIYVCDDLQMP,-92.8745,-103.80113,0.22037,1.46395
MMFEELLIYVCDDLQMP,-92.89271,-103.19232,0.2204,1.46412
QMMTWLFIHVCDQLTVF,-96.59666,-102.76611,0.22031,1.46358
QMMTWLFIHFCDQLTVF,-96.11034,-103.98582,0.22037,1.46399
QMMTWLFILFCDQLTVF,-94.4627,-106.18614,0.22039,1.46406
HFMTALFILFCDQLTFF,-96.80927,-104.84107,0.2204,1.464
HFMTALFILFCDMLTFF,-94.0241,-106.02315,0.22041,1.46391
HFMTALFILHCDMLTFF,-93.58647,-106.69612,0.2202,1.46287
EFMTALFIWQCDMLTFF,-93.23987,-105.07249,0.22023,1.46312
EFNTALFIWQCDMLTFF,-94.16513,-105.52097,0.22041,1.46405
KFNTALFIWQCDMLTFF,-94.50746,-105.31768,0.2204,1.46404
FFNTALFIWMCDMLTFF,-97.76849,-106.4153,0.22037,1.46394
FFNTALFIWMCDWLRFF,-97.48073,-107.2817,0.22027,1.46344
FFNTALFIWMCDWLEFF,-97.0431,-107.30465,0.22038,1.464
LFNTALFIWMCDWLEFF,-96.8968,-107.51159,0.22006,1.46219
LFNTRLFIWMCDWLDFF,-98.46308,-106.21384,0.22023,1.46308
LFNTRLFIWMCDWLCFL,-99.2779,-104.14708,0.22033,1.46377
LFNTRLFIWMKDWLCFL,-96.86031,-104.23256,0.22033,1.46376
LWNTRLLIWMIDMFCFL,-95.84758,-103.53625,0.22038,1.46402
LWNTTLLIWMIDFNCFL,-98.62526,-103.81945,0.22037,1.464
LWNTTLLIWMIDFNTFL,-96.80718,-104.91957,0.2203,1.46357
LWNTTLLIIMIDFNTFL,-95.99872,-105.3765,0.22013,1.46262
LWATTLLIIMIDFNTFL,-94.11226,-105.7534,0.22011,1.46252
LWLTTLLIIMIDFNTFL,-94.04629,-107.022,0.22025,1.46326
LWLTTLLIIMIDFITFL,-94.09521,-107.02475,0.22009,1.46237
LWLTTLLIIMIDFIVFL,-95.47808,-105.07574,0.22009,1.46235
IWQLNLLFDMLADDLFWWV,-94.09637,-105.49194,0.22033,1.46367
IWQPNLLFYMLADDLFWWI,-95.46809,-104.59416,0.22032,1.46362
IDQPNLLFYMLADDLFWWI,-93.93245,-103.01715,0.22029,1.4635
IDQPNLLFQMLADDLFWWG,-91.49629,-103.07775,0.22034,1.46368
IDQPNLLFQMLADDLFWCG,-91.67066,-104.10968,0.22029,1.4634
KDQPNLLFQMLADDLFWCG,-91.3217,-104.02233,0.22031,1.46359
KDMPNLLFQMLADCLFICG,-96.06073,-102.95011,0.22034,1.46383
KDMPNLCFQMLMDALFICG,-94.04206,-105.53788,0.22041,1.4642
KDMPNLHFQMLMDALFICG,-91.38128,-105.55275,0.22032,1.4637
KDMPNLHFQMLMDAIFICG,-91.28817,-105.27865,0.22037,1.46394
FAALFMMFHYILVCIVLWG,-91.8654,-104.47083,0.22033,1.46371
FAALFMQFHYILVCIVLWG,-93.6773,-102.85318,0.22041,1.46401
FAALFMQFHYILVTIVLWG,-93.98796,-103.22642,0.22012,1.46246
FAALFMQFHYILWTIVLWG,-93.40702,-103.20349,0.22026,1.46321
FALTFMQFHCILWTIVLWI,-92.17102,-103.41075,0.22037,1.46398
FALTFMQFHCILWTIPLWI,-91.79873,-103.51496,0.22038,1.46406
FALTFMQFHCLLWTDPLWI,-91.54281,-102.7876,0.22034,1.46378
VLWKVMNFWVHLWMCSLAE,-91.36427,-103.32957,0.22032,1.46373
TLMSIVMFMVRLWMVIQFF,-93.63288,-103.01597,0.22021,1.463
TLMSIIMFMVRLWMVIQFF,-94.48954,-103.43181,0.22025,1.46319
TLMSIIMFMVRLWMVIQFI,-94.53542,-103.72225,0.22023,1.46307
TLFSIIMFMVRLRMVIQFI,-95.24303,-102.95111,0.22031,1.46347
TLFSIIMFMVRLRMVDQFI,-91.1584,-104.41741,0.22035,1.46379
TLFSIIMFMVRLRMVDQFS,-91.80347,-104.95091,0.22035,1.46387
LLFSIIMFMVRLRMVDQFS,-93.01163,-105.1845,0.22032,1.46367
LLFHIIMFMVRLRMVDQFS,-93.51151,-104.53704,0.22037,1.46395
LLFHIIMFMVRLRYVDQFS,-94.34884,-103.6854,0.22029,1.46343
LLFHIIMFMVRLRYFDQFS,-92.92443,-104.30063,0.22025,1.46323
LLFHIIMFMVWLRYFDQFS,-94.39601,-103.63315,0.22022,1.46293
LLFGIIMHRCWLVYFFQFS,-95.00906,-103.49657,0.22036,1.46382
DLWTIIMHRCWLVYFFQFS,-95.37835,-103.67443,0.22039,1.4639
YLWTIIGHRCWLYIHFFFS,-92.63779,-102.7578,0.22023,1.46315
YLLTIIGHRMWLWIHFFFS,-94.98203,-104.35915,0.22033,1.46367
YLLMHIGHVDWLAIWFFFS,-92.63335,-104.74716,0.22034,1.46382
YLLMHIGHVGWLAIWFFFS,-93.20947,-104.66037,0.22025,1.46327
YLLMHIGHVGWLHIWFFFS,-91.77547,-105.41837,0.22037,1.46392
YLLMHIGHVIWLHIWFFFS,-98.24397,-103.96177,0.22033,1.46369
YLLMHIGHVIWLHIMFFFS,-96.66158,-104.89229,0.22033,1.46378
YILMHIGHVIWLHIMFFFS,-96.52942,-104.89024,0.22037,1.46399
YILMHIIHVIWLHIMFFFS,-97.54235,-103.44136,0.2204,1.464
YILMHIVHVIWLHIMFFFE,-97.61555,-103.28444,0.22037,1.46384
YILLHIVHVIWLHIMFFFE,-97.79064,-103.35104,0.22031,1.46355
YILLHIVYVIWLHIMFFFE,-98.67284,-104.41757,0.22023,1.46303
YILLHIHYVIWLHIMFFFE,-98.69863,-105.53311,0.22023,1.4631
YILLHIHYVIWLHGMFFFE,-97.91845,-106.02227,0.22033,1.4637
VILLHIHYVIWLHGMFFFE,-98.12806,-106.72668,0.22034,1.46372
VILLHIHYVIWLHGMFSFE,-98.79962,-106.32596,0.22038,1.46395
VILLHIHYVIWLHGMFSFS,-98.99825,-106.47884,0.22034,1.46374
VILLHIHYVIWLHGMFSFI,-99.51121,-106.30547,0.22032,1.46363
VILLHIHYVFWLHGMFSFI,-99.4236,-106.43474,0.2204,1.46405
VILLHILYVFWLHGMFSFI,-96.48997,-109.08397,0.22026,1.46316
VTLLNILYVFWLHGMFSFI,-95.13926,-108.6723,0.22038,1.4639
VTLLNIAYVFWLHGMFSFI,-95.13407,-106.01475,0.22033,1.46373
VTLLNIAYVFWLHGMVSFI,-94.99189,-105.98942,0.22029,1.46344
VTLLNIAYVFWLHGMVSFM,-95.02276,-105.89615,0.22025,1.46325
VTLLNIAYGFWLHGMVSFF,-95.77354,-102.69832,0.22014,1.46268
VTLLFISKGFLLMKMPCIF,-93.35978,-102.76855,0.21996,1.46161
VTLLFISKGFLLMKMPGIF,-93.77373,-103.21419,0.21996,1.46163
VTLLFIMKGFLLMKMPGIF,-91.59893,-105.94053,0.22009,1.46242
VTLLFIMKGCLLMKMPGIF,-93.63182,-105.22323,0.22025,1.46328
VNLLFLGKGCLLMKMNGPF,-92.55475,-102.82773,0.22026,1.46332
VNLLFLGKGCLLMKMNGMF,-92.86149,-103.25707,0.22023,1.46323
VTLLFLGKGCLLMKMNGMF,-93.83117,-103.43114,0.22022,1.46316
VTLLFLGKGCLLMFMNGMF,-99.18815,-106.0045,0.22032,1.46361
VTLLFLGKGCLLLFMNGMF,-99.9625,-105.93896,0.22038,1.46391
VTLLFLGKGCLLLFMNFMF,-100.17928,-106.11461,0.22037,1.46379
VTLLFLGHGCLLLFMNFMF,-101.14765,-104.82483,0.22038,1.46391
IDNFIFFIHTHLCAWMFKF,-99.17221,-105.46096,0.22034,1.46371
GDNFIFFIHTHLCAWMFKF,-99.15252,-105.04494,0.22029,1.46351
GDKFIFFIHTHLCAWMFYF,-99.58915,-104.96458,0.22041,1.46402
GDKFIFFIHIHLCAWMFYF,-102.17158,-105.4513,0.2203,1.46357
GDKFIFFIAIHLCAWMFYF,-102.09128,-104.33381,0.22031,1.4636
GSKFIFFIAIHLCAWMFYF,-102.02594,-104.36837,0.22037,1.46386
GSKFIFFIAIHLCDWMFYF,-100.54602,-104.37828,0.22032,1.46368
GSKFIFFIAIHFCDWMFYF,-99.99325,-104.47854,0.22033,1.46373
GREFIFFIWLHFVAWMFYF,-101.95446,-106.0326,0.22038,1.46392
GREFIFFIWLHFVAWMFYS,-101.95798,-106.14564,0.2204,1.46403
GREFIFFIWLNFVAWMFYS,-103.21782,-106.88655,0.2203,1.4635
GREFIFLIWLNFVAWMFYS,-102.57104,-106.88819,0.22021,1.46303
GREFIFLIWLNFVLWMFYS,-104.005,-107.81172,0.2203,1.46353
GREFIFLIWLAFVLWMFYS,-98.97736,-107.68671,0.22021,1.46297
GREFKFLIWLAFVLWMFYS,-97.18003,-108.37983,0.22019,1.46283
GREFKFLIWLAMVLWMFYS,-97.4681,-107.5206,0.22018,1.46277
GREFKFVIWLAMVLWMFYS,-97.23013,-106.49393,0.22017,1.46274
GREFKFVIWLNMVLWMFYS,-101.28351,-107.47838,0.22025,1.46322
GREQKFVIWLNKVLWMFYS,-98.27658,-104.49617,0.22027,1.46331
GREQKFVIWLNKVLWMFAS,-97.19461,-104.8031,0.2203,1.46347
LREQKFVIWLNKVLWMFAS,-97.63597,-105.44301,0.22033,1.4636
LREQKFVIWLNKVLWVFAS,-98.06305,-105.2086,0.2203,1.46343
LREQKFVIILNKVLWVFAS,-96.96928,-105.15317,0.2204,1.46395
LREQKFVIILNKVLWVFAA,-97.15451,-105.15655,0.2204,1.46396
LREFKFVIILNKHLWVFGA,-98.19492,-106.16588,0.22038,1.46398
LREFKFVIILNKWLWVFGA,-96.91711,-109.05113,0.22037,1.46386
LREGKFVIIIKKKLWVFGA,-97.02834,-104.79276,0.22034,1.46378
LREMKFVIIIKKCLWVFGM,-96.36133,-107.56341,0.22025,1.4632
LREMKFYIIIKKCLWVFGM,-95.13099,-107.86801,0.22029,1.46346
LAKYAFVIIIDGILWVFGK,-96.68385,-107.14603,0.22032,1.46358
LAKYAFVIIIDGILWVFRK,-97.14288,-106.18082,0.22033,1.46371
WPKMAFVIWIDLILWVFRK,-101.10399,-109.04022,0.22026,1.46326
WPNMAFVIWIDLILWVFRN,-101.79429,-109.21141,0.2204,1.46405
WPNMRFVIWIDLILWVFRN,-100.50054,-109.90834,0.22028,1.4634
IPNMRFVIWIDLILWVFFN,-102.28425,-111.15105,0.22039,1.46406
IPNMRFVIWIDLLLWVFFN,-101.28086,-111.42923,0.22041,1.46414
IDNMLFVIWIDLLLWVFFN,-103.75872,-109.48105,0.22041,1.4641
ITNMLFVIWIDLLFWVFFN,-104.04577,-109.04831,0.22038,1.46398
CTNMLFVIWIDTLFWVFSN,-101.22645,-109.5743,0.22038,1.46391
CTNMLFVIWIDTLLWVFSN,-101.95505,-109.57734,0.22033,1.46362
FTNMLFVIWIDTLLWVFSN,-102.88991,-110.51616,0.22036,1.46381
FTNMLFVIWIDTLLWVFNN,-103.16655,-110.52872,0.2204,1.46399
FMNMLFVIWIDTLLWVFNN,-103.20714,-110.69833,0.22038,1.46392
FMNMLFVIWLDTLFIVFYN,-100.92528,-110.98286,0.22034,1.46363
FGNMLFVIWLDTLFIVFYN,-100.92901,-110.70911,0.22029,1.46341
FGNMLFVIWLDSLFIVFYN,-100.03679,-110.7778,0.22033,1.46359
FGNMLFVFWLDSLFIVFYN,-99.24991,-111.42996,0.22027,1.46321
FGNPLFVFWLDSLFIVFYN,-99.15729,-107.83605,0.22028,1.46325
FHNPLFVFWLDSLFIVFYN,-100.7911,-107.90558,0.22035,1.46364
FHQPLFVFWLDSLFIVFYN,-100.24689,-108.7419,0.22033,1.46357
FHQPLFVFWLDSLFIVFYT,-100.31552,-108.79213,0.22032,1.46349
FHQPLFVFWLDSLFIVFAT,-98.57999,-109.16769,0.22022,1.46293
FHQPLFVFWLDSCFIVFVT,-101.5201,-107.71041,0.22037,1.46389
FIQGTFVFWLDSCFVVFVR,-101.03201,-107.70707,0.22037,1.46374
FIKGTLVFWLDCLFVNFVG,-95.95764,-106.99414,0.2204,1.46407
FIKGGLVFWLDCLFWNFVG,-96.5462,-107.66296,0.22037,1.46367
FDKVFLVIWLDRLFWNFGY,-96.9072,-107.44169,0.22036,1.46371
FDKVFLVIWLDRLFWNFYY,-98.46616,-106.03083,0.22026,1.4632
FDKVFLVIWLDLLFWNFYY,-101.12598,-106.81737,0.22032,1.46359
FDKVFLVIWLDLLFWNFNY,-99.26665,-107.74303,0.22034,1.46366
FDKVFLVIWLDSLFWNFNY,-97.30239,-108.12263,0.22033,1.46356
FDKVFLGIWLDFLFWNFNY,-101.11812,-104.65337,0.22032,1.46348
WDKVFLGIRLDFLFWNFNY,-98.49459,-104.42207,0.22019,1.46286
KDKVFLGIRLDFLFWNFNY,-98.76037,-104.16334,0.22019,1.46282
KDKVFLGLRLDFLFWNFNY,-98.10933,-104.50411,0.22014,1.46256
KDKVFLGFRLDFLFWNFNY,-99.02694,-104.40556,0.22016,1.46269
KFKVFLGFRLDFLFWNFNY,-100.09924,-106.72124,0.22018,1.46286
KFKVFLGFRLDFLFWNFDY,-99.37487,-107.16237,0.22017,1.4628
KFKVFLYFRLDFLFWNFDY,-98.03678,-107.60727,0.22021,1.46291
LFKVFLYFRLDFLFWNFDY,-98.45818,-108.2483,0.22026,1.46317
LFKVFLYFRLGFLFWNFDY,-99.23028,-108.76924,0.22015,1.46254
LFEVFLYFRLGFLFWNFDY,-98.75352,-109.05145,0.22016,1.4626
FCMLWHLQMEHMFPY,-92.22,-103.49815,0.22027,1.46355
FCMLWHLQMYHMFPY,-92.16383,-103.11151,0.22037,1.46403
QLTFLIMLGVDMLCK,-95.26591,-103.84931,0.2204,1.46416
QLTFLIMLGVDMLMK,-94.25063,-103.66881,0.22029,1.46351
QLTFLILLGVDMLMK,-93.05529,-105.00669,0.2203,1.46356
QLTFLILMGVDMLMK,-92.88722,-104.51912,0.22026,1.46329
QLTFLTLVGLDMLLK,-91.66924,-106.95431,0.22004,1.4622
QLTFLTLIGLDMLLK,-91.36183,-108.10139,0.22009,1.46246
KLTFLTLIGLDMLLK,-91.72908,-108.1467,0.22009,1.46246
KLTFLTLIGLDMLLY,-92.79097,-107.66856,0.22,1.46195
KKTFLTLIGLIMLLY,-91.03136,-104.56173,0.21999,1.46186
KKTFLTLIGLGMLLY,-91.69553,-105.83072,0.21998,1.46173
KLTFLTLIGLGMLLT,-91.88485,-108.78133,0.22011,1.46252
KLTFLTMIGLGMLLT,-93.00292,-107.22077,0.22014,1.46268
KLTFLTMIGLEMLLT,-94.11643,-106.5183,0.2201,1.46251
KLTFLTMIGLEMLCT,-93.26893,-106.42336,0.22029,1.46367
KLPFLTMIGLEMLCT,-92.80662,-107.03488,0.22028,1.46358
KLFFLTMIGLEMLCT,-95.99763,-106.60925,0.22038,1.46404
KLFFLTMIGLEMLIT,-96.45877,-105.79373,0.22026,1.46336
KLPFLTMIGLEMLIT,-93.79353,-106.61427,0.22016,1.46279
KLEFLTMIGLEMLIT,-92.89536,-106.83346,0.22009,1.46248
KLEFLTMIGLEMWIT,-93.73225,-104.27422,0.22007,1.46235
ELEFLTMIGLEMWIT,-93.51781,-104.23295,0.22006,1.46232
ELEFLTMIGLNMWIT,-93.09491,-104.67223,0.22009,1.46249
ELYFLTMIGLNMWIT,-95.55982,-104.77148,0.22015,1.46279
ELYFLTMIGLCMWQT,-93.8366,-105.4083,0.22034,1.46398
ELYFLTMLGLLMWQT,-92.53395,-106.5283,0.22021,1.46307
ELFFLTMLGLLMWQT,-94.4845,-106.60178,0.22022,1.46312
QLFFLTMLGLLMWQT,-94.03959,-106.52371,0.22026,1.46332
QLFFLTMEGLLMWQT,-94.25504,-103.76426,0.22036,1.46401
GLFFLTMEGLLMWQT,-95.11707,-103.52006,0.22037,1.46407
GLFFLTMDGLLMWQT,-94.5197,-103.62899,0.22037,1.4641
WLFFLTMDGLLMWQT,-93.90705,-104.57376,0.22028,1.46354
WLFFLTFDGLLMWQT,-93.98754,-105.74914,0.22031,1.46369
WLFFLTFDGLLMWQH,-94.04518,-105.32908,0.22036,1.46398
WLFFLTFDGLLYWQH,-95.018,-104.54631,0.22035,1.4639
WLFFLTFWGLLYWQH,-95.22535,-107.81229,0.22029,1.46354
WCFFLTFWGLLYWQH,-95.46906,-106.92102,0.2203,1.46355
WCFFLTFWGLDYWQH,-94.4393,-107.2756,0.22036,1.46392
CCLFLNMFAVMYWML,-96.464,-102.84147,0.22005,1.46212
CCLFLNMFAGMYWML,-95.18365,-102.80984,0.22012,1.46254
CCLFLNMFAGMYWMF,-95.04803,-103.06447,0.22013,1.46259
CHLFLNMFCGMYWMF,-97.29979,-103.27916,0.22037,1.46397
VRLFLNMFCGMYWMF,-96.17977,-103.32935,0.22039,1.4641
VRLFLNMFCGMYWIF,-96.75219,-102.8389,0.22038,1.46406
VALFLNMFCGMYWIF,-97.13367,-103.02911,0.22033,1.46379
VRLFLILHNEMYWEF,-94.68222,-102.8287,0.22022,1.46304
VCLFLILHNEMYWEF,-95.58546,-103.38473,0.22023,1.46312
VCLFLILHQEMYWEF,-94.52863,-103.58134,0.22017,1.46279
VCLFLLIHPEMYWHF,-96.42385,-103.0776,0.22036,1.46388
VCLFLLIHPEMYMHF,-98.04041,-102.96564,0.22029,1.46357
VFLFKLIGPEMYMII,-92.00462,-102.83082,0.22037,1.46404
VFLFKLIGPMLYMII,-94.4538,-103.04479,0.22035,1.46393
VFLFKLIGPMLYNII,-94.39,-104.95986,0.22029,1.46357
VFLFKLIGFMLYNII,-93.42452,-106.34545,0.22017,1.46288
VFLFNLIGFMLYNII,-93.91999,-105.98377,0.22013,1.46269
VFLFNRIGFMLYNII,-97.36875,-103.02072,0.22011,1.46254
VFLFNRIGFLLYNII,-98.36239,-103.50799,0.22014,1.46265
VFLFNRIVFLLYNII,-96.00661,-103.93426,0.22029,1.46344
PQKFKFFMVCHLNQMIL,-91.57929,-102.92669,0.22032,1.46372
VVFWIFLMYFIYNWMFQ,-94.08672,-102.78052,0.22021,1.46294
CVFHNQLMCFIFTGMFF,-97.17414,-106.1776,0.22036,1.46401
CWFHNQLMCFIFTGMWF,-97.12038,-104.51926,0.22036,1.46391
CWFHNQLMCFILTGMWF,-96.88814,-105.01061,0.22041,1.46417
CWFHNQLMCFILTDMWF,-95.29618,-104.85511,0.22038,1.46406
CWFHNTLMCFILTDMWF,-94.92628,-105.49478,0.22035,1.46389
CWFFNTLMCFILTDMWF,-97.07286,-106.07187,0.22025,1.46327
CWFFNTLMCFILFDMWF,-95.67884,-106.97381,0.2204,1.46404
CWFFNTLMCFILFDMIF,-94.26802,-108.08797,0.22036,1.46389
CWFFNTLMCFILFDMID,-91.94919,-107.92134,0.2203,1.46354
IQCIPFIMPLILFIRVH,-91.45872,-103.16087,0.22024,1.46327
IQCIPFIMPLILRIRVH,-93.07221,-103.48463,0.22024,1.4633
IQCIPFIMPLILRMRVH,-92.52705,-104.11869,0.2202,1.46305
LCFWGFILSLWLRVIVD,-99.90776,-104.58428,0.22037,1.46396
LCFWGFILPLWLRVIVD,-99.82064,-105.14657,0.22039,1.46406
ICFWGFILILWLRVIVD,-97.83965,-107.35401,0.22037,1.46388
IYFWGFRLILWLRVIVD,-97.51241,-106.12629,0.22033,1.46372
IYFWGDRLILWLRVIVD,-97.5717,-103.46381,0.22028,1.46346
IYFWGDRLILWLDVIVD,-97.63524,-104.55841,0.22039,1.46406
IYFWMDRLILWLDVIVD,-94.82808,-105.38349,0.22027,1.46325
IYFWSDRLIWWLDVIVD,-94.6163,-103.46084,0.22034,1.46379
RYFWSSRLIWWLDVIVD,-95.46284,-103.32497,0.2203,1.46359
RYFWSSQLIWWLDVIVD,-96.18091,-103.34184,0.22041,1.46417
RYFWSSQLIWWLDVIVM,-96.73437,-104.68383,0.22041,1.4642
RVFWSPQLIWWLDVFVM,-95.30594,-105.55541,0.22036,1.46386
CVFWLPQLIWWLDVFLM,-95.77861,-107.75455,0.22041,1.46411
CWFWLIALELCLFFQQL,-101.16171,-108.54146,0.2204,1.46415
CWFWLIALELCLFFKQL,-101.03988,-108.55317,0.22036,1.46391
CWFWLIALRLCAIFKWL,-98.24862,-107.71952,0.2203,1.46354
CWFWLIALHLCAIFKWL,-100.10743,-107.51344,0.22031,1.46361
CWFWLIALKLCAIFKWL,-98.02682,-107.73683,0.22033,1.46369
CWFWLIALKLCAIFKWM,-98.03355,-107.72559,0.22033,1.46372
CWFWLIALDLCAIFKWM,-98.75706,-108.1502,0.22033,1.46372
CWFWLIALDLFAIFKWM,-97.41617,-109.79135,0.22015,1.46272
YQRLQMPQRIFLWFGLTIP,-95.70011,-102.70843,0.22023,1.46314
DQRLQMPQRIFLWFGLTCP,-94.75354,-102.79248,0.22029,1.46345
HQDLGMPQRIFFWFMFKIP,-94.82793,-103.91839,0.22025,1.46323
RQDLGMPQRIFFWFMFKIP,-94.62342,-104.41418,0.2203,1.46349
RQDLGMPHRIFFWFMFKIP,-94.80971,-104.31878,0.22037,1.46387
RQDLGMPHRIFFWFMFKAP,-93.20969,-103.11369,0.2204,1.46409
RADLGMPHRIFFWFMFKAP,-93.29567,-103.02999,0.22036,1.46379
HFYLKLMVQIFFWSPIPVF,-93.26849,-102.93793,0.22027,1.46329
EFYLKLMVQIFFWSPIPVF,-93.27066,-103.08443,0.22027,1.4633
EFPLKLQVIIFFWAPIPVF,-96.19509,-103.2162,0.22032,1.46365
EFPLKLQVIIFFWAPLPVC,-96.58358,-103.05866,0.22027,1.46338
EFPLKLQVIIFFWAELPVC,-97.24405,-103.45711,0.22031,1.46358
EFPLKLKVIIFFWAELPVC,-97.59777,-103.38674,0.22023,1.46318
ENPLKLKVIIFFWAELPVC,-94.08936,-104.1874,0.22019,1.46293
ENPLKLEVIIFFWAELPVC,-94.34315,-104.36415,0.22025,1.46326
ENPLKLEVIIFFWAELPWC,-93.62111,-105.27869,0.22027,1.46345
ENPLKLMVIIFFWAELPVC,-92.76487,-104.31089,0.22021,1.46301
ENPLKLMVAIFFWAELPVC,-91.46343,-103.79703,0.2202,1.46297
ENPLELMVAIFFWAELPVC,-91.5663,-103.77979,0.22025,1.4633
ENPLELAVAIFFWEELPVC,-91.31821,-102.88981,0.22017,1.46285
YLPCVLALVIEFSCFLLLT,-95.76754,-105.23793,0.22018,1.46281
YLPCVLALVIEFSCCLWLT,-98.64632,-103.94162,0.22039,1.46399
YHPCVLALVIEFSCCLWLT,-98.86217,-103.30861,0.22024,1.46318
YHPCVLALVFEFSCCLWLT,-98.3197,-103.57457,0.22039,1.46402
YHPCVLVLVFEFSCCLWLT,-98.14935,-105.41314,0.22027,1.46335
YHPCVLVLVFEFSCILWLT,-97.96329,-105.68886,0.22022,1.46303
YHPCVLVLVFEFSCILWLF,-97.99583,-104.85125,0.22025,1.46317
YHDCVLVLVFEFHCILWLF,-99.60781,-106.40071,0.22019,1.46295
WHDCVLVLVFEFHCILWLF,-100.05929,-106.22367,0.22039,1.46394
WHDKVLVLVFEFHCILWLF,-99.59456,-106.36587,0.22035,1.46374
WHDKVLVLVFEFHYILWLF,-99.62859,-105.35083,0.22009,1.46218
WHDKVLVLVFEFHYTLWLF,-99.77973,-103.90144,0.22004,1.46197
WHDGVLVLVFEFHYTLWLF,-99.88918,-103.21442,0.22002,1.46188
WKDGVLVLVFEFHYTLWLF,-99.30357,-103.72153,0.22004,1.46199
WKDGVLVLVFEFHITLWLF,-100.97554,-104.23893,0.2201,1.46231
WKDGVLVLVFEFHIYLWLF,-100.62724,-104.9067,0.22012,1.46239
WKDGVLVLVFEFFIYLWLF,-98.59684,-105.27485,0.21996,1.4614
WKDGVLVLVFEFFIYLYLF,-98.29792,-105.53683,0.21996,1.46146
WKDGVLVLVFEFFIYLELF,-95.32814,-105.99076,0.22004,1.4619
WKDGVLVLVFEFHIYLELF,-98.02626,-105.20728,0.22005,1.462
WKDGVLVLVFEFHCYLELF,-96.20633,-105.58944,0.22017,1.46265
WEDGVLVLVFEFHCYLELF,-95.90149,-105.71059,0.22019,1.46279
WEDGVLVLVFEFHMYLELF,-96.36536,-105.01044,0.22007,1.46216
WDDGVLVLVFEFHMYLELF,-96.88264,-105.03484,0.22011,1.46231
WCDGVLVLVFEFHMYLELF,-96.95068,-102.9317,0.2202,1.4629
WCDGVLVLVFEFMMALELF,-93.23956,-103.0092,0.22017,1.46256
WCDIVLVLVFEFMMALELF,-94.18459,-105.12108,0.22011,1.46236
WCDIVLVLVFEFMMTLELF,-94.87279,-104.97493,0.22009,1.46225
WCDIVLVLVGEFMMTLELF,-95.29769,-103.00112,0.2201,1.4623
WCVIVLVLIGEFKMTLELF,-95.92131,-104.06982,0.22012,1.46253
WCRIVLVLHGEFIMTLELF,-97.4431,-104.7198,0.22014,1.4626
WCRIVLVLHMEFIMTLELF,-95.90943,-106.54462,0.22007,1.46219
WCRIVLVLHMEFIMQLELF,-94.45631,-106.55698,0.2201,1.46238
ECRIVLVLHMEFIMQLELF,-94.65913,-105.04897,0.22018,1.46278
ECRILLVLHMEFIMQLELF,-95.42031,-105.96804,0.22018,1.46279
ECRILLALHMEFIMQLELF,-96.12252,-104.73865,0.2201,1.46236
ECRILLPLHMEFIMQLELF,-97.92079,-103.68772,0.22023,1.46312
ECRILLPLHMKFIMQLELF,-97.95761,-103.45233,0.22019,1.46287
ECRILLPLHMKFIMQLEGF,-96.36798,-104.08371,0.22031,1.4635
ECRILLPLVMKFIMQLEGF,-96.64995,-103.11455,0.22017,1.46272
WCRILLPLVMKFIMQLEGF,-96.71138,-103.30017,0.22013,1.46244
WCRILLPLVMGFIMQLEGF,-95.45824,-104.81106,0.22027,1.46333
CCRILLPLVMGFIMQLEGF,-95.74184,-105.07554,0.22026,1.46326
CCCILLPLVMGFIMQLEGF,-95.12485,-105.91552,0.22036,1.46382
CCCILLPLHMGFIMQLEGF,-96.62552,-105.44358,0.2204,1.46403
CCKILLPLHMGFIMQLGEF,-97.46431,-105.69286,0.22041,1.46403
CCKILLPLHMGFIMQLEEF,-97.0036,-105.91522,0.22038,1.46395
CCKILLPLSMGFIMQLEEF,-95.4544,-106.82353,0.22015,1.46263
CVKILLPLSMGFIMQLEEF,-94.99264,-106.83428,0.22011,1.46244
CVKILLPLSMGFIMQLEEK,-95.14832,-105.91278,0.22015,1.46267
CVKILLPLSMCFIMQLEEK,-94.8553,-106.22606,0.22035,1.46382
VVKILLPLSMCFIMQLEEK,-94.88391,-106.06961,0.22034,1.46375
VVKILLPLSMCFIMQLEPK,-95.1813,-105.83356,0.22031,1.46358
VVKILLVLSMCFIMQLEPK,-91.85182,-107.23981,0.22017,1.46275
VVKILLRLYMCFIMQLEPK,-95.42987,-105.23163,0.22037,1.46392
VVCILLRLYMCFIMQLEPP,-97.3341,-106.9233,0.22025,1.4631
VVFILLRLYMCFIMQMEPP,-96.88782,-108.12769,0.22039,1.46403
VVFILLRLYMCFIMQMEPL,-96.69067,-108.53072,0.22039,1.46396
VVFILLRLDMCFIMQMEPL,-98.91889,-106.19876,0.22033,1.46371
VVFILLRLDMCFIMQMEPM,-98.59812,-106.20784,0.22036,1.46384
VVFILLPLDMCFIMQMEPM,-98.72642,-105.29746,0.22036,1.46395
VLFILLPLDMCFIMQMEHM,-100.24424,-105.86633,0.22038,1.46402
VLKILLPLDMCFIMQMDHM,-97.45076,-106.92919,0.22034,1.46378
VLVILLPLDMCGIMQMDHM,-94.09532,-106.63506,0.22034,1.46379
VLVILLPLDMCGIMKYDHL,-94.11474,-107.41533,0.2204,1.4641
VLVILLPLDMCGIMKLDHL,-94.04442,-107.56873,0.22036,1.4639
VLLILLPLDMCGIMKLDHL,-94.7148,-108.17563,0.22037,1.46394
VLLILLPLDLCGIMKLDHL,-95.0686,-110.15335,0.22029,1.46356
