Sequence,1NCA_N_score,4QNP_A_score,1NCA_N_variance,4QNP_A_variance
LVIFTLFIFML,-109.62452,-111.91577,1.38927,1.26992
LILFILFILLI,-110.63002,-118.84081,1.38922,1.26989
CINIYFILFYF,-108.23858,-107.89816,1.38755,1.26835
LFFMFWKMFQFIY,-108.59105,-114.9136,1.38858,1.26927
LFFMFWKMFTFIY,-109.65392,-113.57963,1.3885,1.2692
LNFMLCKMFTFIY,-108.6715,-109.08339,1.38903,1.2697
LLFMLYLMFTFYY,-109.96491,-119.69409,1.38782,1.26865
HLFMLYLMFTFYY,-109.28161,-118.79109,1.38849,1.26928
HLFMLYLMFTFMY,-110.41214,-118.06872,1.38876,1.2695
HLFMLYLMSAFMY,-108.23153,-113.82974,1.38876,1.26945
QLVRLSFFLGFMF,-110.55189,-113.22504,1.38772,1.26851
QLVRLSFFWGFMF,-110.18748,-111.49382,1.38903,1.26975
QLVNLSFFWGFMF,-110.58149,-112.11117,1.38891,1.26964
QLVNLTFFWGFMF,-110.44835,-112.59842,1.389,1.26972
QLVNLTFFWGFMW,-110.2121,-112.35148,1.38875,1.26949
QLVNLTFFLGFMW,-110.75769,-113.62862,1.38802,1.26877
FLVNLTFFLGFMW,-112.01411,-115.36549,1.38844,1.26918
KLVNLTFFLGFMW,-110.7117,-113.58801,1.38815,1.26889
KLRNLTFFLGFMW,-108.94981,-109.84004,1.38832,1.26902
KLRNLTFFLGFMF,-109.54286,-110.03751,1.38861,1.2693
RLRNLTFFLGFMF,-110.00595,-110.11474,1.38848,1.26919
SLRNLTFFLGFMF,-110.13333,-109.67869,1.38828,1.26901
TLRNLTFFLGFMF,-110.60346,-110.12425,1.38823,1.26896
TIRNLTFFLGFMF,-110.41282,-109.98031,1.38831,1.26904
TIRCLTFILGFMF,-108.45611,-113.44277,1.38927,1.26993
TIRFLTFILGLMF,-110.61386,-114.96986,1.38852,1.26926
TIRMLTFILGLMF,-110.16018,-113.18074,1.38781,1.26858
TIRMLTFILGIMF,-109.34715,-113.01104,1.38796,1.26873
TIRMLTFILSIMF,-109.2148,-111.82878,1.38789,1.26865
TYRMLTFILSIMF,-109.2733,-112.36438,1.38877,1.26947
TYFMLTFILSSMF,-108.66183,-113.76468,1.38881,1.26952
DYFILLVIQSLMF,-109.49917,-114.67954,1.38905,1.26973
MDFLLIFLSYVLW,-110.27239,-117.22284,1.38863,1.26938
MDFLLVFLSYVLW,-110.11442,-116.44564,1.38837,1.26913
MDFLLCFLSYVLW,-109.82392,-116.32348,1.38881,1.26949
LIFLFHLLLHWAW,-112.5542,-121.13686,1.38923,1.26992
LTFLFHLLLGWMW,-111.41367,-121.93985,1.38883,1.26956
LTFLFHLLLGVMW,-111.89577,-121.40127,1.38848,1.26925
FTFLFHLLLGVMW,-111.30002,-121.7146,1.38892,1.26966
FNFLFHLLLGVMW,-111.54989,-122.24092,1.38924,1.26988
FNFLFHLLLQYMF,-111.44116,-122.19247,1.38893,1.26967
FRFLWLLLLQYVF,-115.72769,-122.29936,1.38795,1.26875
FIFLWFLLLGFLF,-118.42614,-125.85295,1.38899,1.26969
FIFLWFLLLVQFF,-114.38352,-125.2257,1.3892,1.26993
WIFLWFLLLTYVF,-115.09819,-122.62389,1.38841,1.26917
IIFLWFLLLTYVF,-115.29126,-121.84131,1.38923,1.26992
IIFLWFLLLYYVF,-113.64289,-122.95304,1.38921,1.26992
VEMQFCVFLLFTI,-111.67057,-113.58442,1.38856,1.26929
VEMMFCVFLLFTI,-110.51882,-117.713,1.38906,1.26977
VEMKFIVFIFFVI,-110.31163,-113.53106,1.38861,1.26933
VEWKFIVFIFFVI,-109.75394,-114.00936,1.38919,1.26987
VEWKFIVFIFFKI,-108.88627,-113.09367,1.38877,1.26948
VNLKFIVFIFFKI,-110.59927,-114.77465,1.38896,1.26971
QNLKFIVFIFFKI,-110.7268,-113.24286,1.38909,1.26981
QNLNFIVFFFFDI,-112.9247,-115.14413,1.38808,1.26884
QNLNFILFFFFDI,-112.75438,-116.83221,1.38851,1.26923
QNLNFILFFFFLI,-113.6592,-117.88833,1.38798,1.26876
QNLNFILFFAFLI,-110.63254,-118.33078,1.38865,1.26935
QNLNFILFFSFRL,-109.78779,-115.08058,1.38884,1.26955
IRLNFILFFSFRL,-110.44575,-116.92812,1.3887,1.2694
IRLNFILFFSFHL,-109.98,-117.30102,1.38905,1.2698
IQLNFILFFSFHL,-109.40144,-117.15368,1.38857,1.26931
IQLNFILFFSFIL,-110.26641,-119.09973,1.38909,1.26982
CQLNFILFFSFIL,-110.12432,-119.25229,1.38862,1.26935
CELNFILFFSFIL,-110.43511,-118.63273,1.38878,1.26944
CELNFILFFSFII,-110.1288,-118.60158,1.38845,1.26914
CELNFILFFSFLI,-110.57159,-119.00148,1.38839,1.26913
CELNFILFFVFLI,-113.4473,-118.4948,1.38866,1.26939
CELMFILFFVFLI,-113.07053,-120.76387,1.38807,1.26886
CELMFILFFPFLI,-113.75314,-122.21285,1.3887,1.26945
CELMFFLFFSFLI,-113.5741,-122.08525,1.38903,1.26972
FEIMFFLFFQFLW,-112.13849,-122.88596,1.38911,1.26984
FRIMFFLFFGFIW,-113.99984,-122.60355,1.38874,1.26954
NCIMFFLFFGFIW,-113.39412,-122.08428,1.38899,1.2697
ICIFFFLFFPFIW,-114.67252,-125.93819,1.38896,1.26971
ICIFFFLFFGFIW,-114.83071,-125.93873,1.38913,1.26984
FCFIFFLFIQFIL,-115.47561,-126.73001,1.38924,1.26988
FYCPLLHGLFLVFHM,-109.91423,-115.96825,1.3885,1.26925
FYCQLLHGLFLVFHM,-111.34891,-116.58548,1.3882,1.26899
FYCQLLHGLFLVFLM,-112.68526,-116.64048,1.38822,1.26901
FFCQLLHGLFLVFLM,-113.73369,-117.22898,1.38828,1.26907
FLCQLLHGLFLVFLM,-112.92715,-116.84317,1.38818,1.26897
FLCQLLHGLFLVFKM,-111.15228,-115.97756,1.38812,1.26892
FLCQLLHGLFLMFKM,-111.09275,-115.42116,1.38798,1.26879
MLCQLLHGLFLMFKM,-110.7368,-115.05903,1.38795,1.26876
MWCQLLHGLFLMFKM,-110.42315,-114.67956,1.38904,1.26978
MWYQLLHGLFLMFKM,-111.2153,-115.66811,1.38874,1.26947
MWYQLFHGLFLMFKM,-110.91251,-115.50771,1.38845,1.26922
MWGQLFHGLFLMFKM,-109.41962,-115.5609,1.38825,1.26906
MWGFLFDELFLRFWM,-108.19114,-115.30345,1.38823,1.26897
MWGFLFDELWLRFLM,-108.79959,-113.63248,1.38844,1.26916
MWMFLFDELWLRFWM,-109.89101,-112.583,1.38895,1.26964
LWWIWFDILWLTFWY,-115.00019,-115.00854,1.38918,1.26981
LHLIWFDIIFLIFWG,-113.49614,-120.07154,1.38874,1.26945
KSLIIFQIIILPFFG,-112.42072,-116.68419,1.38855,1.26933
KSLFIFQIIILPFFG,-113.29351,-118.07146,1.38876,1.26953
TDLFIFDIKIPIFFG,-109.13758,-111.03871,1.38911,1.26979
TDLFIFDIKIPIFFQ,-109.38786,-111.0275,1.38917,1.26985
DDLFIFDIKIIIFFQ,-111.66007,-111.86739,1.38911,1.26977
DDLAIFDIKIIIFFQ,-111.64966,-110.29044,1.38824,1.26896
DRLAIFDIKIIIFFQ,-111.12123,-109.36741,1.38801,1.26874
DRLAIFDIMIIIFFQ,-111.38643,-114.37379,1.38836,1.26909
WRLAIFDIMIIIFFQ,-112.09339,-116.09911,1.38876,1.26947
VRLAIFDIMIICFFQ,-112.13176,-115.06886,1.38872,1.26946
VRFAIFDIMIICFFQ,-113.51793,-115.54087,1.38884,1.26958
VRFAIFTIMIICFFQ,-111.30061,-115.82071,1.38888,1.26965
VRFAIFTLMIICFFQ,-112.03772,-115.93497,1.38883,1.2696
VRFAIFTLMLICFFQ,-112.30103,-116.36909,1.38873,1.26952
VRFAIFTLMIIWFFQ,-112.61378,-116.84126,1.38711,1.268
VRFAIFTLMIIWFFP,-112.16924,-116.79861,1.38731,1.26818
IRFAIFTLMIIWFFP,-112.13377,-117.02101,1.38728,1.26816
IRFAIFTLMIIYFFP,-111.99054,-117.3603,1.38699,1.26788
IQFAIFTLMIIYFFP,-111.68831,-117.24115,1.38704,1.26792
IQFAIFTLMIIYFFC,-111.9855,-117.21717,1.38676,1.26767
ILFAIFTLMIIYFFC,-112.82497,-118.95683,1.38687,1.26776
ILFAIFELMIIYFFC,-112.70317,-117.60938,1.38673,1.26763
ILFAIFELMFIYFFC,-114.19609,-118.10577,1.38686,1.26775
ILFAIFPLMFIYFFC,-112.33351,-119.59193,1.38729,1.26814
IYFAIFPLMFIYFFC,-112.58817,-119.14415,1.38829,1.26907
IYFGIFPLMFIYFFC,-112.83246,-119.25604,1.38903,1.26974
IYFGIFPLEFIYFFC,-113.34146,-112.76937,1.38892,1.26961
IYFGIFDLEFIYFFC,-114.82555,-111.64545,1.38891,1.26958
IYFGIFNLEFIYFFC,-113.87789,-111.80117,1.38875,1.26944
IYFGIFNLEFIYFCC,-112.09894,-111.59384,1.38918,1.26985
IYFGIFNLSFIYFCC,-111.56211,-112.41907,1.38891,1.26961
IYFCIFNLSFIYFCC,-112.02018,-111.68746,1.3886,1.26931
IYFCIFNLSFILFCC,-113.2101,-112.61189,1.38848,1.26919
IYFGIFNLSFILFCC,-112.72391,-113.47767,1.38851,1.2692
IYFFIFNLSFILFCC,-114.43329,-114.42352,1.38864,1.26929
IYFFIFNLSFILFCM,-114.48024,-114.03603,1.38825,1.26895
IYFFIFNLSFILFCE,-114.42785,-112.35973,1.38873,1.2694
IYFFIFNLSFIFFCE,-113.83829,-113.23637,1.38897,1.26963
IYFFIFNLSFIFFCR,-113.78815,-113.23185,1.38858,1.26927
FYFFIFNLSFIFFCR,-113.77462,-113.58611,1.38887,1.26954
FYFFIFNLSFIFFCL,-114.24396,-115.23816,1.38903,1.26968
FYFFIFGLSFIFFCL,-113.99695,-116.50332,1.38833,1.26902
FYFFIFGLSFIVFCL,-113.70852,-114.6624,1.38835,1.26906
FIFFIFGLSFIVFCL,-112.66786,-115.76864,1.38833,1.26905
FIFFIFGLSFIWFCL,-114.16262,-116.0563,1.38821,1.26896
FIFFIFGLSFIWFFL,-115.54794,-117.80926,1.38883,1.26955
FYFFIFGLSFIWFFL,-116.5629,-117.90938,1.38878,1.26949
FYFFIFGLVFIWFFL,-115.34502,-122.75575,1.38886,1.26961
FYFFIFGLVFLWFFL,-115.86839,-123.54322,1.3891,1.26981
FYFFIFGLFFLWFFL,-119.03702,-125.95431,1.38884,1.26959
FYFFIFNLFFLWFFL,-119.14751,-125.7729,1.38794,1.26872
FYFFIFNLFFLWFFY,-118.05039,-125.76361,1.38889,1.26964
FYFFIFNLFFLWFFG,-118.3936,-124.14096,1.38883,1.26949
FYFFIFNLFFLWFFV,-119.29677,-125.52764,1.38779,1.26856
FYFFIFCLFFLWFFV,-117.63146,-125.80109,1.38915,1.2699
FYFFIFKLFFLWFFV,-118.62135,-124.29336,1.38881,1.2696
FIFFIFKLFFLWFFV,-118.99222,-124.02469,1.38824,1.26906
FIFFIFFLFFLWFFV,-116.57968,-127.49492,1.38905,1.26981
FIFFIFNLFFLWFFV,-119.7436,-125.40455,1.38878,1.26954
FIFFMFNLFFLWFFV,-119.71748,-124.87102,1.38859,1.26937
FIFFMFMLFFLWFFV,-114.84697,-125.62013,1.3884,1.26918
FIFFMFCLFFLWFFV,-117.89826,-126.16837,1.3891,1.26984
FIFFMFDLFFLWFFV,-120.26431,-125.07859,1.38852,1.26929
FIFFMFDLFFLWFFT,-120.38407,-124.44903,1.38864,1.2694
FIFFMFDLFFLWFFS,-120.4422,-124.05691,1.3886,1.26936
FIFFMFGLFFLWFFS,-118.94614,-124.67365,1.38834,1.26912
FIFFMFILFFLWFFS,-115.08392,-126.81573,1.38875,1.26953
FFFFMFILFFLWFFS,-115.44284,-127.74671,1.38915,1.26988
FFFFMFTLFFLCFFS,-118.13949,-124.20158,1.3885,1.26926
LNFWYLVWSMFAFHD,-109.00673,-111.01619,1.38868,1.26937
LNFWYLVWSMFAFAD,-108.70752,-111.26795,1.38873,1.2694
LFFWYLVWSMFAFAD,-109.95696,-113.74769,1.38892,1.26963
CKHWLLIVVWFLIIG,-111.49505,-115.17742,1.38871,1.26942
CDHWLLIVVWFLEIF,-110.79345,-116.02453,1.38881,1.26958
CSHWLLIVVWFLEIF,-110.43805,-115.99861,1.38784,1.26869
CPHWLLIVVWFLEIF,-110.87258,-115.87976,1.38842,1.26923
CAHWLLIVVWFLEIF,-110.53881,-116.20805,1.38798,1.26882
TMWWLLIVPWFLEIF,-112.75863,-115.81093,1.38859,1.2693
IWLHLIMFLWFLVMV,-114.72346,-121.234,1.38916,1.26989
IWLPLIMFLWFLVMV,-115.0383,-120.69372,1.38916,1.26992
IWLPLIMVLWFLVMV,-114.84828,-120.2851,1.38918,1.26988
IWLPLIMVLWFLVMN,-114.40288,-120.67663,1.38907,1.26982
IWLPLIMVLWFLVMF,-115.10293,-120.43668,1.38912,1.26986
IWLPLIMVLWFLVYF,-114.4575,-120.55041,1.38891,1.26968
IWLPLIGVLWFLVYF,-114.21731,-116.39812,1.38832,1.26908
IWLPLIGVLWFLVFF,-114.60416,-117.37543,1.38888,1.26959
IWLPLIGVLWFSVFF,-114.55928,-114.93693,1.38889,1.26962
IWLPLIGVFWFSVFF,-115.20585,-114.38105,1.38903,1.26974
LWLPLIWVFWFEVFF,-113.2064,-119.67737,1.38912,1.26986
LWLPLIHVFWFEVFF,-114.17394,-117.04405,1.38867,1.2694
LWLILIHVFWFEVFF,-113.16109,-118.59876,1.38882,1.26958
LWLILIHVFLFEVFF,-113.49987,-120.66198,1.3885,1.26929
LWLILIHVFFFEVFF,-114.12438,-121.40498,1.38849,1.26927
LWLRLIHVFFFEVFF,-114.07109,-119.67125,1.38785,1.26866
LWLRLIHVFFFSVFF,-115.26129,-119.97369,1.38783,1.26865
LWLRLIIVFFFSVFF,-113.843,-123.60615,1.38822,1.26906
LWLRLIIVKFFSVFF,-113.80633,-117.66168,1.38767,1.26849
LWLRLIIVYFFSVFF,-113.30272,-120.74536,1.38836,1.26916
LWLPLIIVYFFSVFF,-114.23164,-118.97624,1.3879,1.26875
LWLPLIIVYFFSIFF,-114.82107,-119.65464,1.3881,1.26894
LWLILIIVYFFSIFF,-112.81702,-121.634,1.38914,1.2699
LFLILIIVYFFSIFF,-112.57438,-121.79028,1.38876,1.26955
LALILIIVYFFSIFF,-112.64929,-120.28498,1.38782,1.26868
LALSLIIVYFFSIFF,-112.75567,-117.7461,1.38719,1.26809
LALSLIIYYFFSIFF,-112.0379,-118.43113,1.38697,1.26788
AALSLIIYYFFSIFF,-112.17551,-117.83941,1.38672,1.26764
AALSLIIYVFFSIFF,-111.68684,-118.20526,1.3868,1.26773
AALSLIIAVFFSIFF,-112.06389,-118.37822,1.38635,1.26731
VALSLIIAVFFSIFF,-112.24311,-118.96263,1.38653,1.26748
VALSLIIAVFFNIFF,-112.74418,-119.68117,1.38654,1.26748
VALSLIIIVFFNIFF,-113.50432,-119.98231,1.38715,1.26806
VALSLIIIVFFNMFF,-113.48649,-119.83344,1.38737,1.26826
VALSLIAIVFFNMFF,-113.91359,-115.01954,1.38667,1.26757
VALSLICIVFFNMFF,-112.60707,-117.12869,1.38797,1.26881
VALTLICIVFFNMFF,-111.88411,-117.29646,1.38806,1.26889
VALTLITIVFFNMFF,-112.46447,-114.97887,1.38669,1.26759
VALTLITIVFFAMFF,-111.56032,-115.28888,1.38626,1.26719
VALTLITIVFFGMFF,-113.00926,-115.53111,1.38647,1.26737
VALELITIVFFGMFF,-113.09396,-114.84439,1.38701,1.26786
VMLELITIVFFGMFF,-113.05178,-115.38929,1.38716,1.268
VMLRLITIVFFGMFF,-113.4153,-116.16698,1.38743,1.26824
VMLRLITIVFFGMFQ,-111.5268,-116.03753,1.38813,1.26891
VMLRLITIVFFGMFE,-111.46764,-115.83258,1.38811,1.26889
VMLALITIVFFGMFE,-111.58571,-115.91442,1.38768,1.26851
MMLALITIVFFGMFE,-111.628,-116.05967,1.3879,1.26872
MMLALIHIVFFGMFE,-112.14526,-116.32987,1.38905,1.26978
VMLALIHIVFFGMFE,-111.98885,-116.41784,1.38869,1.26944
VMLALIHIVFFGVFE,-110.76196,-116.55925,1.38846,1.26925
VMLALIHIVFFGVFL,-112.38786,-116.77708,1.38763,1.26846
VMLALIHIYFFGVFL,-113.50459,-117.17547,1.38769,1.26851
VMLWLIHIYFFGVFL,-113.75649,-118.94684,1.38865,1.26939
VMLWLIHIYFFGLFL,-114.78317,-119.97564,1.38852,1.26926
VMLMLIHIYFFGLFL,-115.37374,-120.4435,1.38831,1.2691
LMLMLIHIYFFGLFL,-115.50919,-120.5212,1.38839,1.26917
LMLMLIHIYFFALFL,-116.13978,-119.49681,1.38792,1.26872
LMLMLFHIYFFALFL,-116.96679,-120.54553,1.38798,1.26879
LMLMLFHIYFFALFV,-117.01093,-120.21808,1.38805,1.26885
LDLMLFHIYFFALFV,-117.47126,-120.36035,1.388,1.26879
LDLMLFVIYFFALFV,-113.39982,-120.41642,1.38789,1.26875
LDLMLFVILFFALFV,-113.04837,-122.97323,1.38836,1.26922
MDLMLFVILFFALFV,-113.19432,-122.47574,1.38849,1.26935
MDLMLFVILFFALFN,-112.52205,-122.50109,1.38822,1.26912
MDLMWFVILFFALFN,-112.83424,-122.95325,1.38898,1.2698
MDLMWFVILFFALFM,-113.68952,-122.50285,1.38885,1.26966
MDLGWFVILFFALFM,-114.61072,-119.55237,1.389,1.26976
MDLGIFVILFFALFM,-114.88492,-120.86808,1.38873,1.26956
MDLGIFVILFFFLFM,-113.993,-121.21404,1.38884,1.26965
MDLGIFDILFFFLFM,-115.91275,-121.77783,1.38839,1.26917
MDLGIFLILFFFLFM,-114.28558,-122.61649,1.38826,1.26906
MDLGIFLILFFFEFM,-112.48849,-123.0509,1.3885,1.26933
MDLGIFLILFFFSFM,-112.48031,-123.00409,1.38886,1.26967
MDLAIFLILFFFSFM,-111.36901,-123.44511,1.38846,1.26931
IDLAIFLILFFFSFM,-110.91539,-123.60913,1.38839,1.26924
IALAIFLILFFFSFM,-110.34495,-123.68816,1.38785,1.26873
IALAIFLIDFFFSFM,-111.92566,-120.26255,1.38721,1.26805
IRLAIFLIDFFFSFM,-112.37542,-119.69874,1.38734,1.26816
IRLCIFLIDFFFSFM,-113.1456,-120.45984,1.38817,1.26894
IRLCIFLIGFFFSFM,-112.8773,-120.49635,1.38794,1.26873
IRLCIFLIGFFFMFM,-113.81355,-119.53614,1.38801,1.26879
IRLCIFLIGFFFMFV,-113.77571,-119.6738,1.38814,1.26892
IGLCIFLIGFFFMFV,-113.74714,-119.78958,1.3883,1.26907
IGLCIFLLGFFFMFV,-114.30717,-120.41164,1.3879,1.2687
IGLIIFLLGFFFMFV,-114.66773,-121.78808,1.38819,1.26897
IGLIIFLLLFFFMFV,-114.46018,-125.44534,1.3886,1.26945
IGLIIFGLLFFFMFV,-115.5683,-124.13471,1.38858,1.26939
ICLIIFGLLFFFMFV,-115.94067,-124.07913,1.38862,1.26941
ICLIIFGLLFFGMFV,-116.00889,-121.11247,1.3889,1.26962
QGNFVQFRFQCFFILLG,-108.14436,-110.78653,1.38801,1.26873
SGNFVQFFFQQFFILLG,-110.48358,-113.38566,1.38789,1.26864
LGNFPQFFFQQFFILLG,-108.29377,-111.92584,1.38808,1.26886
LGNFYHFFFQQFFILLG,-108.76989,-113.59674,1.38887,1.26957
LGNFYMFFFQQFFILLG,-110.95433,-114.6048,1.38915,1.26985
LGSFYMFFFQQFFILLG,-110.11863,-114.49283,1.38905,1.26976
LGSFSMFFFQQFFILLG,-111.4353,-113.16816,1.38821,1.26896
LGSFSMFFFQVFFILLG,-112.28397,-118.42791,1.3883,1.26906
LGSFSMFFFQVFCILLG,-112.12825,-116.76012,1.38857,1.26927
LASFSMFFFQVFCILLG,-112.21745,-116.07241,1.38863,1.26933
LASFSMFFFQVFWILLG,-110.45631,-117.30349,1.38799,1.26881
LASFSMFIFQVFWILLG,-109.80112,-116.28154,1.38804,1.26884
LASFSMFIFQVFHILLG,-110.36082,-114.99402,1.38807,1.26883
LQSFSMFIFQVFHILLG,-110.5129,-115.11403,1.38814,1.2689
LQSFSMFIFQVFHILLI,-111.64385,-116.04371,1.38779,1.26857
LQSFAMFIFQVFHILLI,-112.19535,-115.90403,1.38786,1.26865
LQSFAMFIFAVFHILLI,-112.08971,-115.687,1.38761,1.26844
LQSIAMFIFAVFHILLI,-111.87233,-114.71388,1.3873,1.26813
LQSIAMFIFYVFHILLI,-112.14179,-116.26102,1.38742,1.26826
LQSIAMFIFYVFHILWI,-111.94323,-116.81311,1.3875,1.26834
LQSIAMFIFYVFHIEWI,-111.37368,-113.85276,1.38708,1.26798
LQSIAMFIFYVFHIECI,-110.23165,-113.9185,1.38791,1.26877
LQSIAMFIFYVFFIECI,-110.558,-116.36255,1.38766,1.26856
LQSIANFIFYVFFIECI,-110.49911,-115.37134,1.38742,1.26827
LQEIANFIFYVFFIECI,-110.62593,-115.8493,1.38793,1.26875
LYEIANFIFYVFFIECI,-110.94992,-116.15681,1.38804,1.26886
FYEIANFIFYVFFIECI,-110.95307,-116.31871,1.388,1.26881
KYEIANFIFYVFFIECI,-110.70554,-116.27022,1.38831,1.2691
KYEIANFIFYVFFIECM,-110.14066,-116.51424,1.38857,1.26933
KYEIANFIFYVFFWECM,-110.45341,-116.613,1.38854,1.2693
KYEIANFIFYVFFWPCM,-111.21618,-116.34021,1.38873,1.26946
KPEIANFIFYVFFWPCM,-111.13365,-115.63055,1.38885,1.26958
KDEIANFIFYVFFWPCM,-110.86098,-116.5094,1.38867,1.26942
KDEIMNFIFYVFFWPCM,-110.30012,-116.45692,1.38884,1.26956
KDEIQNFIFYVFFWRCM,-110.23157,-116.18673,1.38911,1.26985
KDTIQNFIFYVFFWRCM,-109.45359,-116.44152,1.38891,1.26967
KDTIQNFIFIVFFWRHM,-108.14592,-115.3038,1.38814,1.269
MSTIVCFIFIIFFGRHM,-109.03272,-117.99465,1.38908,1.26989
QQTIVCFIFIIFFSRHM,-108.74801,-117.11712,1.38844,1.26926
VQTMVCFIFIIFFSRHM,-109.34461,-116.79251,1.3891,1.26988
VQTMVNFIFIIFFSMHM,-111.74839,-119.02084,1.38779,1.26866
VQTMMNFIFIIFFSMHM,-112.79696,-118.97598,1.38803,1.2689
VQTMMNLIFIIFFSMHM,-114.245,-119.3003,1.38791,1.26877
VQTMMNLIFIYFFSMHM,-113.68707,-119.26862,1.3873,1.26818
VQTMMNLIFWYFFSMHM,-111.88642,-118.89225,1.38787,1.2687
VQTMMNLIFWYFFSMLM,-112.19417,-119.13069,1.3876,1.26845
LQTMMNLIFWYFFSMLM,-112.59658,-119.35832,1.38772,1.26855
LQTMMNFIFWYFFSMLM,-111.09882,-120.20067,1.38797,1.2688
LQTMMNFIFWYFFGMLM,-111.59864,-120.19105,1.38796,1.2688
LQTMMNFIFFYFFGMLM,-113.01958,-121.31228,1.3877,1.26857
LVTMMNFIFFYFFGMLM,-113.4953,-121.76205,1.38779,1.26864
LVTMMMFIFFYFFGMLM,-112.10493,-123.29714,1.38786,1.26871
LVTMMMFIFFYFFSMLM,-112.32766,-123.88838,1.38793,1.26877
LVTWMMFIFFYFFSMLM,-112.81064,-122.06806,1.38803,1.26887
WVTWMMFIFFYFFSMLM,-112.74016,-121.84504,1.38806,1.2689
WVTWMMFIYFYFFSMLM,-112.90881,-119.26918,1.38773,1.26857
WVTWMMFIYFIFFSMLM,-113.88671,-120.06541,1.38852,1.26932
WVTWIMFIYFIFFSMLM,-114.10818,-121.08321,1.38866,1.26945
WVTHIMFIYFIFFSMLM,-114.276,-120.31106,1.3888,1.26954
WVTHFMFIYFIFFSMLM,-114.11983,-120.94162,1.38911,1.26983
WVCHFMFIYFIFFSMLM,-115.60815,-123.83737,1.38893,1.26967
WVCHFMFIYFIFFFMLM,-114.78334,-123.98004,1.38904,1.2698
WVCHFMFIYFIFFFMLS,-114.68583,-124.06167,1.38916,1.2699
WGFHFMFIYFIFFFMLS,-114.48378,-124.55129,1.38879,1.26952
WGFHFMFIYFIFFQMLS,-116.0838,-124.25544,1.38913,1.26983
FGFHFMFIYFIFFQMLS,-115.87439,-123.84505,1.38892,1.26966
FGFFFMFIYFIFFQMLS,-116.59399,-126.69932,1.38888,1.26961
FGFFFMFIYFIFFQMLH,-116.50652,-126.19685,1.38868,1.26944
FGFFFMFIYFIFFKMLH,-116.37346,-125.87333,1.3888,1.26955
FGFFHMFIYFIFFKMLH,-117.58994,-123.87872,1.38909,1.26979
FWFFHMFIYFIFFKMLI,-115.61912,-124.47901,1.38917,1.26987
FQFFHMFIYFIFFYMLI,-117.44797,-124.62566,1.38908,1.26983
FIFFHMFIYFIFFYMLI,-116.66293,-125.5719,1.3891,1.26987
FIFFHMFIYFIFGYFLI,-116.5033,-124.26396,1.38915,1.26989
FIWFHMFIYFIFGYFLI,-116.82159,-123.97593,1.38907,1.26983
FIWFHMFIYFIFGYFLM,-116.62793,-123.91823,1.38885,1.26961
FIWFHMFLYFIFGYFLM,-116.60453,-124.23176,1.38877,1.2695
WIWFHMFLYFIFGYFLM,-116.88467,-124.14446,1.38874,1.26946
WIWFHMFLYFIFYYFLQ,-114.52414,-124.53356,1.38901,1.26975
WIWFHMFLYFIFYYILQ,-114.62974,-123.57131,1.38882,1.26957
WIWFHIFLYFIFYPILQ,-115.0856,-123.56556,1.3891,1.26984
WIMFHIFLYFIFYPILQ,-115.11472,-124.28982,1.3889,1.26963
WGMFHIFLYFIFYPILQ,-115.99526,-123.71798,1.3888,1.26951
WGMFHIFLYFIFYMILQ,-115.79937,-124.87089,1.38899,1.26974
WGMFTIFLWFIFYMILQ,-114.84258,-123.70612,1.38893,1.26964
WGMFTIFLYFIFYMILK,-116.10973,-123.99999,1.38877,1.26951
WGMFTIFLYFIFYMILP,-115.88154,-124.17194,1.38883,1.26957
WGMFTIFIYFIFYMILP,-116.34796,-123.57252,1.38916,1.26987
WGMFTIFIYFIFYMILL,-116.49803,-123.39069,1.38892,1.26965
WGMFNIFIIFIFYMILL,-114.74506,-123.50416,1.38905,1.26981
WGMFNIFIYFIFYMILL,-116.82484,-123.1098,1.38881,1.26954
WGMFNLFIYFIFYMILL,-116.8557,-123.87783,1.38917,1.26989
WGMFNLFIYFIFYMILP,-116.3774,-123.85757,1.38917,1.26989
WGMFNLFIIFIFYMILP,-114.47649,-124.80833,1.38892,1.26969
WYMFNLFIIFIFYMILP,-114.51962,-124.09314,1.38904,1.2698
WYMFNLFIHFIFYMILP,-115.57714,-123.92868,1.38858,1.26937
WGMFNLFIHFIFYMILP,-115.44291,-123.96702,1.38874,1.26951
WYMFVLFIHFIFYMILP,-115.85669,-122.98393,1.38902,1.26975
WYMFCLFIHFIFYMILP,-116.73225,-123.24798,1.3891,1.2698
WYMFYLFIHFIFYMILP,-116.04799,-125.00188,1.38917,1.26984
WYMFYLFIHFFFYMILP,-116.52447,-125.23964,1.38897,1.26971
LYMFYLFIHFFFYMILP,-116.80499,-125.14859,1.38914,1.26988
LMMFYLFIHFFFYMILP,-116.51187,-125.40534,1.38897,1.26972
LMMFYLFLHFFFYMILP,-116.78342,-125.64717,1.38908,1.26982
LRMFYLFLHFFFYMILP,-116.55236,-126.08428,1.38891,1.26963
LRMFYFFLHFFFYMILP,-116.10553,-126.42562,1.38873,1.26946
LRMFYFFLHFFFYFILP,-116.45729,-127.30019,1.38866,1.26943
LRMFYFFLHFFFYFILE,-116.61079,-126.90408,1.38891,1.26967
LRMFYFFLHFFFYFFLE,-116.36758,-127.11111,1.38867,1.26943
LMMFYFFLHFFFYFFLE,-117.02897,-127.72903,1.38893,1.26966
LLMFYFFLHFFFYFFLE,-117.18546,-128.10587,1.38888,1.26961
LLMFYFFLHFFFFFFLE,-117.83456,-128.33378,1.38882,1.26952
LLMFYLFLHFFFFFFLE,-118.02387,-127.89529,1.38865,1.26941
LLMFYLFLKFFFFFFLE,-118.17777,-126.46632,1.38887,1.26963
FCYRWITLQMWIFLVTR,-109.21978,-109.44543,1.38907,1.26975
FCYRWITLQMWIFLVKR,-108.94821,-108.94361,1.389,1.26967
FCYQWFTLQMWIFLVKR,-108.15148,-109.36186,1.38877,1.26946
FCYQWFTLQMWIFLHKR,-108.55811,-109.43928,1.38904,1.26971
FCYGWFTLQMWIFLHKR,-109.3175,-109.50192,1.38887,1.26956
FCYGWFTLQMWIFLIKR,-109.93514,-109.7409,1.38842,1.26914
KCYGWFTLQMWIFLIKR,-108.64393,-109.44018,1.3886,1.26933
SCYALSKFIMFIFLQGQ,-110.0773,-111.63245,1.38801,1.26882
SCYALSKFIMFIFLQGH,-110.05381,-111.87678,1.38798,1.26879
SCYALSKFFMFIFLQGH,-110.50317,-115.1218,1.38823,1.26901
SCYALSKFFMFIFLQGN,-110.81008,-114.98517,1.38827,1.26905
SCYVLSKFFMFIFLQGN,-111.57885,-115.66712,1.38856,1.26933
SCYVLAKFFMFIFLQGN,-111.5033,-116.44409,1.38841,1.26919
SCYVLAKVFMFIFLQGN,-110.13197,-113.15955,1.38819,1.26898
SPYVLAKVFMFIFLQGN,-109.31821,-112.7474,1.38775,1.26857
SPYVLAIVFMFIFLQGN,-109.47211,-115.70695,1.38832,1.26914
SPYVYAIVFMFIFLQGN,-109.26698,-114.11999,1.38845,1.26926
SPYVYAIVFMFIFLDGN,-109.55525,-114.27397,1.38859,1.26937
GTGRVLASLKFCFLFMN,-109.17608,-107.70489,1.38756,1.26837
GTGRVLASLKFVFLFMN,-108.2821,-108.10678,1.38611,1.26702
GRGRVLASLKFVFLFMN,-108.29378,-107.99879,1.38647,1.26735
NLGKCLMRLGFVFLFMN,-108.70585,-110.41605,1.38807,1.26882
NIGKCLMRLGFVFLFMN,-108.63102,-110.07699,1.38804,1.26878
NIGKHLMRLGFVFLFMN,-109.4604,-110.86875,1.38734,1.26813
TIGKHLMRLGFVFLFMN,-109.4775,-111.03755,1.38719,1.26799
TIGKHLMRLGFFFLFMN,-111.04264,-112.64331,1.38715,1.26796
TIGKHLMILGFFFLFMN,-110.88993,-116.4577,1.38727,1.26809
MIGKHLMILGFFFLFMN,-111.75921,-116.44755,1.38764,1.26844
WIGKHLMILGFFFLFMN,-111.55324,-116.9619,1.3879,1.26869
WIGKHLMILGFFFYFMN,-111.08224,-115.34527,1.38762,1.26843
WIGKHLMILGFFFPFMN,-110.12421,-115.17028,1.38768,1.26847
WIGKHLMILGFFFPFMF,-111.94053,-117.6619,1.38769,1.26849
WIGKHLMWLGFFFPFMF,-111.87679,-115.8152,1.38891,1.2696
WIGKHLMWLEFFFPFMF,-113.47695,-114.62839,1.38881,1.26952
WKGKPLMWLEFFFPFMF,-111.03428,-115.73612,1.38887,1.2695
WKGKELMWLEFFFPFMF,-112.35711,-116.56142,1.38912,1.26981
WTGKELMWLEFFFPFMF,-112.13929,-116.42695,1.38898,1.26966
WTGKELMWLEFFFPIYF,-111.61014,-116.95068,1.38889,1.26958
WTGKDLMWLEFFFPIYF,-111.68969,-116.61467,1.38891,1.26966
WTGKDLMWLEFFFNIYF,-112.07615,-115.79106,1.38906,1.26975
WTGVDLMWLEFFFNIYF,-111.88591,-117.87527,1.38857,1.26927
WTGVDLMWLEFFFNIFF,-112.6143,-118.47595,1.38885,1.26953
WTGVDLMWLFFFFNIFF,-114.54472,-121.76821,1.38902,1.26977
WTGVDLMWLFFFFLIFF,-115.50719,-122.50435,1.38836,1.26918
WWGVDLMWLFFFFLIFF,-115.6053,-122.05976,1.38902,1.26981
WWCVDLTWLFFFFLSFF,-115.87945,-118.5316,1.38828,1.26908
TWCVDLTWLFFFFLSFF,-115.70896,-119.03747,1.38776,1.26857
LWCVDLTWLFFFFLSFF,-116.63201,-120.03594,1.38773,1.26856
LLCVDLTWLFFFFLSFF,-116.32604,-120.61687,1.38729,1.26816
LLCVDLSWLFFFFLSFF,-116.90846,-120.25016,1.38748,1.26833
LLCVDLSWLFFFFLIFF,-115.87442,-121.42133,1.3876,1.26843
LLCVQLSWLFFFFLIFF,-115.78725,-121.61275,1.38733,1.26819
LLCVQLSWLPFFFLIFF,-116.38571,-117.19778,1.38839,1.26912
LLVVQLSWLPFFFLIFF,-115.22808,-117.07621,1.38786,1.26862
LLVVWLSWLPFFFLIFF,-113.43654,-117.48612,1.3886,1.26933
LLVVWLSWLPFFFLIFV,-113.77028,-116.80718,1.38867,1.26939
LLVVYLSWLPFFFLIFV,-114.84114,-118.2107,1.38819,1.26894
LYVVYLSWLPFFFLIFV,-115.01591,-117.54702,1.38834,1.26909
LYVCYLSWLPFFFLIFV,-113.8917,-118.30228,1.3891,1.26979
LYVCYLSWLVFFFLIFV,-115.34811,-119.33157,1.38861,1.26934
LYVCYLSWLVLFFLIFV,-115.75602,-119.32716,1.38864,1.2694
LYVPYLSWLVLFFLIFV,-115.68339,-118.04104,1.3878,1.26862
LYVPYLSWLVLFFLPFV,-115.59119,-118.45311,1.38776,1.2686
LYQPYLSWLVLFFLPFV,-115.0755,-118.09524,1.38779,1.26863
LYQPNLSWLVLFFLPFV,-115.08913,-115.27389,1.38749,1.26833
LYQPNLSWLVLFFFPFV,-115.31642,-115.28077,1.38753,1.26835
LYGPNLSWLVLFFFPFV,-115.56164,-114.81909,1.38738,1.26822
LYNPNLSWLVLFFFPFV,-115.72605,-115.51018,1.38754,1.26836
LYNPNLSWLVLFFFPFM,-115.75462,-115.95197,1.38759,1.2684
LYNMNLSWLVLFFFPFM,-116.88802,-117.49326,1.38765,1.26847
LYNMNLSWLVLFFFKFM,-116.95446,-116.60664,1.38719,1.26803
LYLMNLSWLVLFFFKFM,-117.54079,-117.019,1.38739,1.26822
LYLMNLSWLWLFFFKFM,-116.65817,-118.59573,1.38849,1.26925
LYLMFLSWLWLFFFKFM,-113.95542,-122.17414,1.38875,1.26956
LYLMFLSWLWLQFFFFM,-114.1736,-118.35474,1.38808,1.26888
LYLMFLSWLWLQFFFFQ,-114.38085,-118.27593,1.38808,1.26886
LYLMFLSYLWLQFFFFQ,-114.46642,-117.34501,1.38743,1.26825
LYLKFLSYLWLQFFFFQ,-114.45258,-117.478,1.38773,1.26854
LYLKFLNYLWLQFFFFQ,-114.1118,-118.06938,1.38812,1.26886
LYLKFLNLLWLQFFFFQ,-117.5415,-120.80922,1.38885,1.26956
LYLMFLNLLWLQFFFFQ,-118.86678,-119.65789,1.38852,1.26925
LYLMFLNLLWLQFFFAQ,-118.58149,-119.9692,1.38851,1.26923
LYLMFLDLLWLQFFFAQ,-118.42338,-120.24958,1.38906,1.26976
LALMFLDLLWLQFFFAQ,-118.00982,-120.87646,1.38838,1.26914
LLLMFLDLLWLQFFFAQ,-118.22847,-120.31429,1.38876,1.26949
LDLMFLDLLWLQFFFAQ,-118.01477,-121.51512,1.38887,1.26959
LDLMFLDLLWLQFFFPQ,-118.23577,-121.74798,1.38814,1.26887
LDLMFLDLLWLSFFFPQ,-117.93951,-122.11395,1.38882,1.26953
LDLMFLDLLWLPFFFPQ,-117.94928,-121.56142,1.38922,1.26988
LDLMFLDLLWLRFFFPQ,-118.3071,-122.12856,1.38918,1.26986
LDLMFLDLLWLRFFFAQ,-118.29633,-121.72518,1.38887,1.2696
LDLMFLDLLWLRFFFAK,-118.2484,-121.6596,1.38894,1.26966
FDLMFLDLLWLRFFFAK,-117.95033,-121.75541,1.38914,1.26983
FDLMFLDLLWLRFFFAM,-117.03231,-121.87379,1.38913,1.26985
FDLMFLDLLWLEFFFAM,-117.53909,-121.80557,1.38909,1.26981
FHLMFLDLLWLEFFFAM,-117.90419,-121.02607,1.38918,1.26988
FLLMFLDLLWLEFFFAM,-117.90307,-120.39324,1.38885,1.26958
FLLMFLDLLWLEFFFWM,-118.44995,-120.01673,1.3889,1.26962
FLLMFLDLLWLEFFFYM,-119.16106,-120.44174,1.38922,1.26993
FLLMFLDLLWLEFFFPM,-117.96999,-121.1604,1.38816,1.2689
FTLMFLDLLWLEFFFPV,-118.20979,-121.64376,1.38925,1.26994
FNLMFLDLLWLEFFFPV,-118.20301,-122.15983,1.38893,1.26964
FNLMFLDLLWLEFFFMQ,-119.21874,-121.37637,1.38863,1.26936
FNLMFLDLLFLEFFFMQ,-117.33969,-122.79399,1.38872,1.26948
FNLMFLDLLFLAFFFMQ,-117.14998,-123.29007,1.3888,1.26955
FNLVFLDLLFLAFFFMQ,-117.29686,-122.93833,1.38832,1.26911
FNLLFLDLLFLAFFFMQ,-117.73398,-123.99681,1.38851,1.26929
FNLLFLDLLFLAFFFMC,-117.71853,-124.11435,1.38845,1.26921
FNLLFLDLLFLAFFFYC,-117.36668,-124.26144,1.38821,1.269
FNLLFLDLLFLAFFQYC,-117.69868,-123.71016,1.388,1.26883
FNLLFLDLLFLFFFQYC,-116.74139,-127.06294,1.38777,1.26868
FALLFLDLLFLFFFQYC,-117.20067,-126.96157,1.38753,1.26845
FALLFLDLLFLFFFQEC,-116.01612,-127.06148,1.38843,1.2693
FELLFLDLLFLFFFQEC,-115.34632,-127.34821,1.3886,1.26947
FELLFLDLLFLFFFQEQ,-115.04139,-127.91826,1.38879,1.26966
FELLFLDLLFLFFFQIQ,-117.09568,-128.96526,1.38849,1.26934
FELLFLGLLFLFFFQIQ,-117.58338,-129.25195,1.38848,1.26936
FELLFLGLLFLFFFQIT,-117.25594,-129.39566,1.38837,1.26924
FELLFLGLLFLFFFPIT,-117.62323,-130.01373,1.38866,1.2695
TELLFLGLLFLFFFPIT,-117.65718,-129.43094,1.38843,1.26931
RMKCVMPHWFFIHIMFFAY,-108.22272,-112.51012,1.3892,1.26987
RAKCVMPHWFFIHIMFFAY,-108.47753,-112.98688,1.38884,1.26952
RAKKVMPHWFFIHIMFFAY,-108.49146,-111.74803,1.38868,1.2694
RAKKVMPHWFFIVIMFFAY,-109.07901,-113.38361,1.38883,1.26955
RANKVMPHWFFIVIMFFAY,-109.57159,-113.41581,1.38867,1.26939
RANKVMPDWFFIVIMFFAY,-110.70049,-114.79382,1.38887,1.2696
RANKVMIDWFFIVIMFFAY,-109.45284,-117.8854,1.38884,1.26958
WANKVMIDWFFIVIMFFAY,-109.90138,-117.36911,1.38878,1.26953
WANMVMIDWFFIVIMFFAY,-111.48185,-116.67239,1.3885,1.26924
WANMVMIIWFFIVIMFFAY,-110.08016,-118.50647,1.38777,1.26862
WANMVMIIWFFIVIMFFAG,-110.51177,-118.54877,1.38839,1.26919
WANMVMIIWFFIVIIFFAG,-110.86783,-119.42695,1.38847,1.26928
WANMVMIIWFFFVIIFFAG,-112.74235,-121.07487,1.38874,1.26952
WANMPMIIWFFFVIIFFAG,-113.46231,-118.43206,1.3891,1.26984
WANMPMIIWFFFVIIWFVG,-114.25051,-118.43919,1.38839,1.26912
WANHPSIIWFFFVIIWFVG,-113.51375,-116.56277,1.38898,1.2697
WANHPSIIYFFFVIIWFVG,-113.00473,-116.50465,1.38781,1.26862
HANHPSIIYFFFVIIWFVG,-111.92178,-116.81718,1.38829,1.26906
HANHASIIYFFFVIIWFVG,-112.35384,-117.05055,1.38792,1.26871
HANHASIIYFFFVIIIFVG,-111.82296,-115.69213,1.38821,1.26897
HANHAYIIYFFFVIIIFVG,-111.87203,-117.24587,1.38898,1.26971
HANHALIIYFFFVIIIFVG,-112.19017,-119.11494,1.38852,1.26928
HANHALIIQFFFVIIIFVG,-110.92773,-119.72747,1.38822,1.26902
HANHALIIQFFFIIIIFVG,-111.59678,-120.36176,1.38865,1.26942
HANHALIINFFFIIIIFVG,-110.61143,-120.40509,1.38861,1.26938
HANHALIINFFFWIIIFVG,-111.11365,-120.49846,1.38894,1.26971
HFNHALIINFFFWIIIHVG,-111.14527,-120.26277,1.38908,1.26983
MFNHALIINFFFWIIIHVG,-112.19005,-120.54995,1.38917,1.26992
MFNHALIINFFFVIIIHVG,-112.34913,-120.89643,1.38876,1.26954
MFNRALIINFFFVIIIHVG,-112.41476,-120.3921,1.38858,1.26937
MFNQALIINFFFVIIIHVG,-112.72656,-120.84915,1.38861,1.2694
MFNQALIINFFFVAIIHVG,-112.60685,-117.58085,1.38774,1.26857
MFNQALIINFFFLAIIHVG,-113.62348,-118.75702,1.38789,1.26871
MFNQALIIIFFFLAIIHVG,-112.59641,-118.73361,1.38774,1.26861
MFPQALIIIFFFLAIIHVG,-112.01722,-118.82142,1.38768,1.26857
MFPQALIIIFFFLAIIHVC,-112.28781,-119.03687,1.38744,1.26835
MFPQALIIIFFFLAILHVC,-112.90671,-119.36296,1.38724,1.26815
MFPQALEIIFFFLAILHVC,-113.02879,-117.54895,1.38769,1.26851
MFPQALEIIFFFLAILHWC,-114.27525,-118.35057,1.38744,1.26828
MFPQALMIIFFFLAILHWC,-113.10013,-119.05385,1.38718,1.26809
MFPQALMIAFFFLAILHWC,-112.94478,-117.19605,1.38699,1.2679
MFPQELMIAFFFLAILHWC,-112.40229,-117.95789,1.38705,1.26796
MFPQELMIAFFFLEILHWC,-113.1194,-118.86903,1.38716,1.26803
MFPQELAIAFFFLEILHWC,-114.31504,-116.65271,1.38698,1.26784
MFRQELAIAFFFLEILHWC,-114.26828,-117.00521,1.38683,1.26773
MFDQELAIAFFFLEILHWC,-114.37867,-117.22624,1.38714,1.26799
MFHQELAIAFFFLEILHWC,-114.8209,-117.40702,1.38705,1.26791
MLHQELAIAFFFLEILHWC,-114.43667,-117.33389,1.38709,1.26796
MLHVELAIAFFFLEILHWC,-113.76287,-118.24207,1.3867,1.26759
MLHVELAIAFFFLEILHVC,-112.17038,-118.0869,1.38675,1.26764
MLHQELAIAFFFLEILHVC,-112.3924,-117.47187,1.38716,1.26801
MFHQELAIAFFFLEILHVC,-112.75058,-117.55117,1.38707,1.26792
MFHQGLAIAFFFLEILHVC,-112.92544,-117.50121,1.3871,1.26794
MFHQGLAIAFFFLEILHVS,-113.14207,-117.38269,1.38706,1.2679
MLHQGLAIAFFFLEILHVS,-112.82725,-117.26599,1.3871,1.26794
MLPQGLAIAFFFLEILHVS,-113.30095,-117.05196,1.38704,1.26791
MLPQGLAIAFFFLEILLVS,-113.98501,-118.39769,1.38716,1.26797
MLPQGLAIAFFFLEFLLVS,-113.67794,-117.98052,1.38694,1.26778
MLPQGLAIAFFFLEFLLLS,-113.92397,-117.94649,1.38697,1.26782
MLPQGLAIVFFFLEFLLLS,-113.79204,-118.87622,1.38743,1.26825
MLPQVLAIVFFFLEFLLLS,-113.93433,-119.08768,1.38738,1.26823
MLPCVLAIVFFFLEFLLLS,-112.76136,-118.96743,1.3878,1.26863
MLPCVLAIVFFFLEFLLLT,-112.72872,-118.79208,1.3878,1.26863
MLPCVLAIVFFFLCFLLLT,-113.68982,-119.85973,1.38864,1.26939
MLGCVLAIVFFFLCFLLLT,-113.77656,-120.46627,1.38834,1.26912
MLGCVLAWVFFFLCFLLLT,-112.34365,-120.68878,1.38915,1.26987
MLMCMLTWVFFFLCALLLW,-116.17325,-121.43309,1.38908,1.26972
MLMEMLTWVFFFLCTLLLW,-113.95982,-121.12,1.38862,1.26936
MLMEMLTWVFFFLITLLLW,-114.79503,-122.77668,1.38824,1.26903
MLMEMLFWVFFFLITLLLW,-113.184,-125.72441,1.38903,1.26981
MLMEMLYWVFFFLITLLLW,-113.3136,-124.09306,1.38909,1.26987
MLMEMLHWVFFFLITLLLW,-114.28333,-122.90503,1.3889,1.26968
MYMEMLHWVFFFLITLLLW,-114.28545,-122.39578,1.38903,1.26981
MYMEMLHWVFFFFITLLLW,-114.75212,-122.2509,1.38865,1.26943
MYMEMLHWVFFFFLTLLLW,-115.11767,-122.18358,1.38836,1.26916
MYLEMLHWVFFFFLTLLLW,-114.94663,-122.6867,1.38842,1.26921
MYLEMLHWVFFFFITLLLW,-114.68354,-122.7588,1.38871,1.26948
MFLEMLHWVFFFFITLLLW,-115.01444,-122.93204,1.38869,1.26946
MFLEMLMWVFFFFITLLLW,-114.76124,-124.92845,1.38849,1.2693
MFLKMLMWVFFFFITLLLW,-114.64011,-124.40539,1.38828,1.26911
MFLKMLMWVFFFFIKLLLW,-114.99169,-124.34848,1.38835,1.26917
MFLKMLMWVFFFFIDLLLW,-114.95497,-124.93228,1.38874,1.26953
MILKMLMWVFFFFIDLLLW,-114.76717,-124.92413,1.38876,1.26954
MILKMLFWVFFFFIDLLLW,-114.02458,-126.13151,1.38903,1.26977
MILKMLQWVFFFFIDLLLW,-115.06908,-121.81354,1.38854,1.26928
MILYMLQWVFFFFIDLLLW,-116.13027,-121.74537,1.38923,1.2699
MILMMLQWVFFFFIDLLLW,-115.71651,-121.95144,1.38882,1.26952
MILMMLHWVFFFFIDLLLW,-115.6971,-122.9578,1.38898,1.26968
MILMMLGWVFFFFIDLLLW,-116.92411,-122.77394,1.38882,1.26954
MILMMLGWVFFFFIDLLVW,-116.88744,-122.13955,1.3887,1.26944
CILMMLGWVFFFFIDLLVW,-117.07817,-122.04897,1.38863,1.26936
CILSMLGWWFFFFIDLKVW,-113.79211,-120.72919,1.38885,1.26957
CILSMLGWVFFFFIDLKVW,-116.83029,-120.66986,1.38873,1.26945
CILSMLGWVFFFFIDLKVC,-116.46954,-120.83134,1.38918,1.26986
IILSMLGWVFFFFIDLKVC,-116.79028,-120.82361,1.38915,1.26983
IILFMLGWVFFFFIDLKVC,-118.54945,-120.88688,1.38896,1.26967
IILFMLGWVFFFFIDLKVV,-118.65389,-120.85229,1.38876,1.26949
IMLFGLVWWFFFFIVLKVF,-113.49523,-124.69676,1.38901,1.26974
IMLFGLVWIFFFFIVLKVF,-115.36746,-124.7537,1.3885,1.26931
IGLFGLVWIFFFFIVLKVF,-115.1483,-125.30808,1.3886,1.26938
IGLFGLVWIWFFFIVLDVF,-116.24637,-123.45452,1.38912,1.26983
IGLFGLVWIWFFFIVLPVF,-116.43325,-123.03936,1.38911,1.2698
IGLFGLYWIWFFFIVLPVF,-116.63258,-121.70767,1.38924,1.26994
IGLFMLYWIIFFFIVLDVF,-114.10309,-123.47812,1.38878,1.26959
IGLFMLGWIIFFFIVLDVF,-115.09339,-122.83937,1.38894,1.26973
IGLFMLTWIIFFFIELDVF,-114.53271,-120.47348,1.38879,1.26955
IQLFMLTWIIFFFIELDVF,-113.88164,-120.47911,1.38878,1.26955
IQLFMLTWIIFFFIELYEF,-113.68181,-119.64565,1.38875,1.26953
IQLFMLTWIIFFFIRLYEF,-114.23155,-120.31191,1.38894,1.26972
IQLFMLTWIIFFFIRLYIF,-114.32051,-121.26038,1.38826,1.26907
IQLFMLTWIPFFFIRLYIF,-114.60637,-117.63295,1.38912,1.26983
MLWYADLDMFWIIHHILVA,-108.21591,-109.48524,1.38902,1.26967
MLLPADLDMFWIIHHILGA,-109.78,-108.95104,1.38911,1.26973
MLLPADLDMFWIIHHILRA,-108.73892,-107.65032,1.38897,1.26962
SEIPVRLNVFGLILNTLRR,-108.2329,-107.24439,1.38854,1.26921
QWFQVVLPIFWLLLGHEQG,-108.7903,-111.42387,1.38915,1.26988
CCFPVVLPVFWFVWFMWGN,-109.60104,-118.2928,1.38888,1.26961
CCFPVVLPVFWFVQFMWGN,-109.667,-114.99483,1.38907,1.26974
CCLPVVLPVFWFVQFMWGN,-109.4472,-114.66262,1.38884,1.26952
CCLTVVLPVFWFVQFMWGN,-110.0185,-114.97603,1.38905,1.26974
CCLTVVLPVFWFVQFVWGN,-110.45352,-114.40011,1.38879,1.2695
CCLTVVLPVFWFVQFVWGL,-111.5032,-115.22608,1.38851,1.26924
CCLTVVLPVFWFVQFVVGL,-111.16322,-116.0553,1.38813,1.2689
CCLTVVLPIFWFVQFVVGL,-111.78066,-117.1992,1.38864,1.26936
CCLTVVLPIFWFVQFVVHL,-112.19137,-116.7303,1.38846,1.26921
CCLTVVLPIFWFVSFVVHL,-111.35965,-116.90893,1.38833,1.26909
CCLTFVLPIFWFVSFVVHL,-111.39074,-117.20023,1.38871,1.26943
CCLTFVLPIFWFVSFMVHL,-111.3493,-117.61022,1.38893,1.26964
CCLLFVLPIFWFVSFMVHL,-113.50547,-117.88358,1.38869,1.26944
CCLLFLLPIFWFVSFMVHL,-113.75533,-118.94856,1.38893,1.26965
CCLLFILPIFWFVSFMVHL,-113.7019,-118.68765,1.38912,1.26984
CCLLFILPIFWFVSFMVML,-112.6241,-118.817,1.38909,1.26982
CCLLFFWPINWFVSFMVML,-112.16779,-112.16964,1.3892,1.26984
CCLLFFWPINWFVSFMVYL,-112.5166,-111.96557,1.38899,1.26966
CCLLFFWPINCFVSFMVYL,-108.31406,-112.20378,1.38874,1.2694
YCRLALWRRNCFFFFMVPL,-109.54849,-109.14089,1.3888,1.26945
YCALALWRRSCFFFFMVPL,-108.60371,-108.97021,1.38867,1.26935
YCHLALWRRSCFFFFMVPL,-109.03138,-109.32367,1.38889,1.26956
YCHLALWRRHCFFFFMVPL,-108.39686,-109.4083,1.38923,1.26987
YCHLALWRRHCFLFFMVPL,-108.14702,-110.01629,1.38912,1.26977
YCHLALWLRHCFLFFMVPL,-109.76513,-113.84989,1.38921,1.26987
YCHLALWLRHDFLFFMVPL,-110.29653,-108.72555,1.38836,1.26899
YCHLALWLRDDFLFFMVPL,-111.40069,-108.23578,1.38824,1.26891
YCHLALWLRDDFLFFIVPL,-111.47421,-109.10794,1.38848,1.26915
YCHLALWLRDSFLFFIVPL,-111.0216,-109.10409,1.38774,1.26849
YCHLALWLADSFLFFIVPL,-111.8182,-110.98408,1.38735,1.26815
YCHLELWLADSFLFFIVPL,-109.88183,-111.25431,1.38753,1.26832
YCLLELWLADSFLFFIVPL,-109.92474,-111.4535,1.38807,1.26883
YCLLELWLADRFLFFIVPL,-110.07178,-111.65688,1.38872,1.26943
YCLLELWLADRFLFFIVFL,-109.562,-111.81334,1.38901,1.2697
ICLLELWLADRFLFFIVFL,-110.37397,-112.30726,1.38892,1.26964
ICLLELWLADRFLFFFVFL,-110.76252,-112.60112,1.38855,1.26927
ICLLELWLADRFLFFFVFT,-110.71906,-113.01209,1.38832,1.26906
ICLWELWLADRFLFFFVFT,-109.14948,-113.12665,1.38852,1.26924
ICLWELWLADRFIFFFVFT,-109.28369,-112.27372,1.38853,1.26924
ICLWELWLADSFIFFFVFT,-109.15031,-111.8216,1.38784,1.2686
ICLWELWLANSFIFFFVFT,-109.17427,-111.49745,1.38758,1.26835
ICLWELWLAKSFIFFFVFT,-109.09304,-110.33072,1.3877,1.26846
ICLWELWLAKPFIFFFVFT,-109.6981,-110.55188,1.38832,1.26904
ICLLELWLAKPFIFFFVFT,-111.30952,-111.21902,1.38779,1.26856
ICLLERWLAKPFIFFFVFT,-108.88764,-111.46334,1.3885,1.26924
ICLLERWLAKPFLFFFVFT,-108.90232,-112.1437,1.38839,1.26914
ICLLERWLNKPFLFFFVFT,-108.4887,-112.14197,1.38852,1.26924
ICLLERWLNKPFLFFFVFE,-108.74005,-112.35797,1.38861,1.26931
IVLLERWLNKPFLFFFVFE,-109.26314,-112.79382,1.38842,1.26914
IVLLERWLNIPFLFFFVFE,-114.11553,-115.60175,1.3884,1.26914
IVLLERWLPIPFLFFFVFE,-112.59839,-115.58439,1.38844,1.26919
IVLLERWLPIHFLFFFVFE,-113.5928,-116.93138,1.38844,1.26921
IVLLEKWLPIHFLFFFVFE,-113.61787,-116.68638,1.38848,1.26925
IVLLVKWLPIHFLFFFVFE,-115.11446,-117.36369,1.38796,1.26875
ICLLVKWLPIHFLFFFVFE,-115.06796,-117.96848,1.38842,1.26916
IGLLVKWLPIHFLFFFVFE,-115.45601,-117.21541,1.38787,1.26866
IALLVKWLPIHFLFFFVFE,-115.23292,-117.06525,1.38769,1.2685
IALLVKWLHIHFLFFFVFE,-114.94773,-117.53307,1.38826,1.26904
IHLLVKWLHIHFLFFFVFE,-115.25259,-117.69135,1.38854,1.2693
IHLLVKWLYIHFLFFFVFE,-116.08799,-120.3448,1.38856,1.26935
IHLLVKWLYIHFLFFFIFE,-116.61991,-120.50181,1.3887,1.26948
KHLLVKWLYIHFLFFFIFE,-116.52003,-121.1835,1.38871,1.26948
LHLLVKWLYIHFLFFFIFE,-116.65021,-120.62853,1.3887,1.26948
LHLLVKWLYIHFLFFFIFT,-115.89512,-120.53673,1.38861,1.26939
LHLLVKWLAIHFLFFFIFT,-115.89863,-118.65078,1.38799,1.26879
RHLLVKWLCIHFLFFFIFT,-115.53843,-120.56094,1.38886,1.26961
THLLVMWLCIHFLFFFIFT,-115.44117,-120.96496,1.38917,1.26993
THLLVMWLCIHLLFFFIFT,-115.50979,-120.10508,1.3891,1.26986
THLLVMWLCIHLLFFFLFT,-115.90068,-120.25817,1.38902,1.26979
TTLLVFWLCIHLLFFFLFT,-116.28653,-122.57148,1.38907,1.26986
TTLLVFWLCILHLFFFLFT,-115.05757,-123.01624,1.38911,1.26983
GEFLIFWFCILHLFFFLVT,-117.25624,-123.83034,1.38925,1.26994
WGILPFFFCILILFRYMLD,-114.39943,-123.45806,1.38867,1.26944
WGILAFFFCLLHLFRYMLD,-115.01481,-119.23832,1.38923,1.26991
LGILAFFFCLLHLFRYMLF,-115.95404,-120.85072,1.38924,1.26993
LGILAFFFFLLHLFRYMLF,-118.17875,-123.43993,1.38813,1.26892
LGNLAFFFFLLHLFRYMLF,-118.20237,-122.26969,1.38833,1.2691
GGNLAFFFFLLHLFRYMLF,-117.84924,-122.33863,1.38839,1.26914
FGNLAFFFFLLHLFRYMLF,-118.29019,-122.66281,1.38842,1.26918
FGNLAFFFFLLHLFEYMLF,-118.54053,-122.75488,1.38857,1.26933
SFFQLLAWIMFLQAT,-108.51432,-114.81654,1.38891,1.26963
SFWQLLAWIMFLQAT,-108.30567,-114.10991,1.38829,1.26898
CFVCLLCVVDMLVII,-109.29112,-113.57913,1.38879,1.26951
CFVCLLCVVDMLQII,-108.38891,-113.10892,1.38843,1.26918
CFVCLLCVVDMLEIF,-109.31295,-112.52123,1.38844,1.26919
YFIRMLLVPWILLPK,-110.58053,-115.08516,1.38848,1.26923
YFIRMLLVPMILLPK,-111.05954,-112.96022,1.38867,1.2694
YFIRMLLVPCILLPK,-108.3187,-112.82826,1.38915,1.26985
YFIRMLLVPEILLEK,-109.43754,-109.70925,1.38885,1.26956
YFIRMLLVPEILLMK,-109.75348,-111.16438,1.38916,1.26986
YIIRMLLVPEILIMK,-109.12709,-109.79868,1.38917,1.26987
YICRMLLVPEILIMK,-109.31691,-108.73187,1.38906,1.26976
YILRWLMVQEILIMK,-109.43836,-109.01641,1.38907,1.26973
GIFTWFMVLEILIMI,-111.87328,-115.94448,1.38873,1.26945
MIFTWFMVLEILIMI,-111.79614,-115.70427,1.38919,1.26985
SIFTWFMVLEILIMI,-111.60627,-115.43732,1.38846,1.26919
SIFTWFMVLTILIMI,-110.74842,-115.8018,1.38868,1.26941
SIFGVFMMLTILIMI,-109.81327,-116.01685,1.38871,1.26944
SIFGVFMMLTILIMT,-109.27734,-116.095,1.38843,1.26919
SIFGVFMMLTILIMH,-108.95914,-116.03177,1.38832,1.26909
SIFGVFMMLTILICH,-108.31059,-116.20234,1.38866,1.26941
SIFGVFMWLTILILH,-108.42018,-116.71312,1.38888,1.26957
FIFGVFMWLTILILH,-109.95111,-118.28766,1.38895,1.26966
FIFGVFMWFTILILH,-109.50548,-118.52732,1.38918,1.26987
WNLGVFMWFTILILL,-111.47339,-118.15613,1.3888,1.26945
CNLGVFMWFLILILL,-114.25585,-121.54855,1.38904,1.26977
CNLGVFMWFLILIFL,-113.7983,-121.46914,1.38917,1.26986
CNLGYFMWFLILIFL,-112.9467,-121.02152,1.3889,1.26964
CNLGYFLVFLILIFL,-115.00252,-120.76781,1.38862,1.26935
CNLGYFLVFLILFFL,-114.78946,-121.24258,1.38775,1.26854
CNLHYFLVFLILFFL,-113.317,-122.38732,1.38893,1.26963
SNLHYFLVFLILFFL,-113.67365,-121.91431,1.38871,1.26944
SNLDYFLVFLILFFL,-114.80743,-120.70622,1.38818,1.26891
SNLIYFLVFLILFFL,-114.95771,-123.46241,1.38914,1.26988
SNLIDFLVFLILFFL,-115.55168,-120.94528,1.38854,1.26928
SNLIFFLVFLILFFL,-115.71629,-124.80236,1.38911,1.26989
SALIFFLVFLILFFE,-113.29365,-123.94439,1.38874,1.26956
SALIFFLVFLILFFY,-113.85333,-124.16804,1.38825,1.26909
PALIFFLVFLILFFY,-113.78887,-123.3808,1.38827,1.2691
AALIFFLVFLILFFY,-113.98012,-124.30295,1.38811,1.26895
AALIFFLVFLILFFN,-113.34957,-124.32341,1.38868,1.2695
AALIAFLVFLILFFN,-114.70824,-120.52687,1.3879,1.26877
AALIAFLVFLILWFN,-115.01941,-120.91782,1.38755,1.26844
AALIAFLVFLILWFS,-115.42385,-121.02904,1.38753,1.26841
AALIAFLVFLLLWFS,-115.43646,-121.51894,1.38754,1.26841
SALIAFLVFLLLWFS,-115.39216,-121.28693,1.38749,1.26836
SALIAFLVFLLLWFV,-115.73084,-121.40764,1.3874,1.26827
MALIAFLVFLLLWFV,-116.02705,-122.06528,1.38752,1.26839
MALIALLVFLLLWFV,-114.57822,-122.13691,1.38727,1.26815
MALIALLVFLLLWFT,-114.82374,-122.19066,1.38728,1.26815
MQLIALLVFLLLWFT,-114.53176,-122.50043,1.38748,1.26834
MLLIALLVFLLLWFT,-114.084,-122.67793,1.38749,1.26835
MLLDALLVFLLLWFT,-115.99483,-122.21665,1.38734,1.26819
MLLDALLVFLLLWFM,-115.85511,-122.38691,1.38728,1.26815
PLLDALLVFLLLWFM,-115.4128,-122.38353,1.38747,1.26831
FLLDALLVFLLLWFM,-116.10588,-122.79232,1.38742,1.26828
FLLDALLVFLLLWFV,-116.06665,-122.88549,1.38743,1.26829
LLLDALLVFLLLWFV,-115.88902,-122.97556,1.38725,1.26812
LLLFALLVFLLLWFV,-114.75394,-124.14352,1.38777,1.26863
LLLFALLVFPLLWFV,-115.25428,-120.4262,1.38811,1.26891
LLLFLLLVFPLLWFV,-115.91336,-123.23969,1.38786,1.26868
LLLFLLLVAPLLWFV,-115.97694,-118.438,1.38785,1.26861
LLLFLLLVFMLLWFV,-115.05878,-124.20843,1.3881,1.26893
LLLFLTLVFMLLWFV,-115.90556,-121.8145,1.38818,1.269
LLLFLTLVFMLLWFI,-116.13858,-122.10822,1.38815,1.26898
WLLFLTLVFMLLWFI,-116.92318,-122.88721,1.38871,1.2695
WVLFLTLVFMLLWFI,-116.88506,-122.39682,1.38865,1.26945
WVLFLMLVFMLLWFI,-116.36693,-123.82785,1.38877,1.26957
WVLSLMLVFMLLWFI,-116.58664,-122.10313,1.38788,1.26872
WMLSLMLVFMLLWFI,-115.82499,-122.18399,1.38808,1.2689
WMLSLMLIFMLLWFI,-116.15792,-123.25122,1.38833,1.26914
WMLSLMLIFMLLWFY,-115.04528,-123.5714,1.38834,1.26912
WCLSLMLIFMLLWFY,-115.31434,-123.44473,1.38846,1.26923
WCLSLGLIFMLLWFY,-116.23159,-119.42367,1.38791,1.26872
WCLSLGLIFMLLWAY,-116.33559,-117.30492,1.38774,1.26856
WVLSLGLIFMLLWAY,-117.02163,-117.28972,1.38732,1.26816
WVLSLQLIFMLLWAY,-115.45748,-117.50058,1.38801,1.26877
IWQYWLLFQTLADWLFWWK,-108.72778,-112.30422,1.38845,1.26917
IWQYWLLFQTLADWLFWWS,-108.72412,-112.56171,1.38832,1.26906
IWQYWLLFDTLADWLFWWS,-109.65543,-113.79353,1.38925,1.26993
IWQYWLLFDTLADWLFWWV,-109.51205,-113.38606,1.38918,1.26988
IWQYNLLFDTLADWLFWWV,-108.16029,-113.1112,1.38793,1.26873
IWQYNLLFDMLADWLFCWV,-111.42403,-115.81024,1.38875,1.26951
IWQPNLLFDMLADWLFCWV,-112.43527,-114.68833,1.38854,1.26933
IWQPNLLFDMLADWLFCWI,-112.49182,-114.57309,1.38858,1.26937
IWQPNLLFQMLADWLFCWI,-112.87538,-113.33779,1.38806,1.26885
IWQPNLLFYMLADWLFCWI,-110.33943,-113.33609,1.38832,1.26903
IDQPNLLFYMLADWLFCWI,-110.92179,-113.33308,1.38868,1.26935
IDQPNLLFYMLADWLFCWG,-110.14062,-113.13787,1.38884,1.26952
IDQPNLLFQMLADWLFCWG,-110.68937,-111.97184,1.38806,1.26885
IDQPNLLFQMLADWLFCCG,-110.83582,-111.41541,1.38808,1.26886
KDQPNLLFQMLADWLFCCG,-109.91823,-111.71848,1.38848,1.26922
KDMPNLLFQMLADCLFICG,-111.76068,-111.81574,1.38895,1.26963
KDMPNLCFQMLMDALFICG,-109.56221,-112.36663,1.38882,1.26949
KDYPNLCFQMLMDALFICG,-108.75564,-112.50054,1.38881,1.26949
IPYVVLCFLMLQGAAFIAN,-108.69493,-109.53436,1.38903,1.26971
IPYVVLCFLALQGAAFIAN,-108.83246,-109.2931,1.38812,1.26885
CAAMFPHFLHLAMCFVIPG,-108.92748,-112.84331,1.38866,1.26935
CAAMFPHFLHLAWCFVIPS,-110.29523,-112.50991,1.38916,1.26984
CAAMFPRFLHLAWCFVIPS,-109.37965,-111.5407,1.38838,1.26911
CAAMFPRFLHLAWCFSIPS,-108.57784,-108.76777,1.38884,1.26953
CAAMFNRFLHLVWCFPIYI,-109.5199,-112.91461,1.38844,1.26911
VWAQPIHFMLLVICFAIFI,-109.17996,-113.43838,1.38908,1.26979
VWAPPIHFMLLVICFAIFI,-108.58026,-113.36107,1.38871,1.26944
VWAPPIHFMLLVIVFAIFI,-110.28065,-114.78599,1.38865,1.2694
VWAPPIHFMLLSIVFAIFI,-109.01711,-113.9423,1.38768,1.26848
VWAPPIHFVLLSIVFAIFI,-109.99588,-112.85018,1.38752,1.26833
VWTPPIHFVLLSIVFAIFI,-109.68848,-112.90521,1.38749,1.2683
VWTPPIHFVLLSIVFAIFW,-109.61161,-112.94141,1.38731,1.26814
VWTRPIHFVLLSIVFAIFW,-109.70383,-113.72855,1.38702,1.26789
VWTRPIHFVLLSIVFHIFW,-110.53221,-113.73498,1.38739,1.26822
VWTRPITFVLLSIVFHIFW,-111.14616,-112.86025,1.38693,1.2678
VMTRPITFVLLSIVFHIFW,-110.57772,-113.00372,1.38652,1.26742
VMTRPITFVLLVIVFHIFW,-111.05831,-113.82245,1.38727,1.26813
VMTRPIEFVLLVIVFHIFW,-110.47494,-114.19403,1.38754,1.26836
VMTRPIEFVLLVIVFHIPW,-108.53898,-113.8054,1.38744,1.26828
VMTRPIEFVLLVIVFHIDW,-109.39747,-113.4373,1.38739,1.26823
VMTRPIVFVLLVIVFHIDW,-109.85397,-115.11743,1.38745,1.26832
VMTRPIVFGLLVIVFHIDW,-109.28141,-116.5687,1.38774,1.26853
VMTRLIVFGLLVIVFHIDW,-111.04654,-118.06744,1.38754,1.26838
VMTKLIVFGLLVIVFHIDW,-111.09425,-118.14183,1.38741,1.26824
VMTKLIAFGLLVIVFHIDW,-111.20573,-116.79778,1.38681,1.26767
VMTKLIAFGLLVIVFHIDS,-111.57454,-116.30203,1.38684,1.26768
VMPKLIAFGLLVIVFHIDS,-112.35405,-116.24613,1.3872,1.26802
VMPKLIAFGLLVIVFHIYS,-112.34129,-116.12177,1.38718,1.26802
VMPPLIAFGLLVIVFHIYS,-112.38878,-115.78517,1.38754,1.26833
VMPPLIAFGLLWIVFHIYS,-112.4531,-115.34153,1.38822,1.26898
VMPPLGAFGLLWIVFHIYS,-113.07263,-112.73092,1.38799,1.26873
VMGPLGAFGLLWIVFHIYS,-113.33177,-112.48864,1.38815,1.26889
VMMPLGAFGLLWIVFHIYS,-113.6829,-112.63949,1.38806,1.2688
VMMTLGAFGLLWIVFHIYS,-113.50757,-113.16061,1.38723,1.26805
FMMTLGAFGLLWIVFHIYS,-113.73929,-113.15069,1.38743,1.26823
QMMTLGAFGLLWIVFHIYS,-112.92301,-113.12383,1.38745,1.26826
QGMTLGAFGLLWIVFHIYS,-112.37868,-113.21704,1.3871,1.26794
QVMTLGAFGLLWIVFHIYS,-112.82977,-112.87882,1.38715,1.26798
QVMTLGAIGLLWIVFHIYS,-111.89716,-113.01452,1.38742,1.26822
QVMHLGAIGLLWIVFHIYS,-111.49999,-112.67074,1.38789,1.26866
QVMHLGAIGLLWIVFHIIS,-112.71931,-112.67372,1.38811,1.26885
QVMHLGAIGLLWIVFHIID,-112.59219,-112.89501,1.38828,1.26901
QSMHLGAIGLLWIVFHIID,-111.94175,-113.3521,1.38783,1.2686
QSMHLGAIRLLWIVFHIID,-112.03359,-112.88592,1.38829,1.26902
QSMHLGAIRLLWIVFVIID,-111.24653,-114.06649,1.38778,1.26856
QSMHLGAIRLLWIVFVMID,-111.05317,-113.90418,1.38794,1.26872
KSMHLGAIRLLWIVFVMID,-111.20598,-114.14063,1.38778,1.26857
KSMHLGAIDLLWIVFVMID,-109.79787,-114.22864,1.38767,1.26845
MSMHLGAIDLLWIVFVMID,-109.65077,-113.96604,1.38801,1.26878
MSMHLGAIPLLWIVFVMID,-111.3681,-113.56407,1.38759,1.26839
MSMHLIAIPLLWIVFVMID,-110.66493,-115.95749,1.38814,1.26891
MSMTLIAIPLLWIVFVMID,-110.85253,-116.60362,1.38812,1.26889
QSMTLIAIPLLWIVFVMID,-110.66984,-116.63471,1.38832,1.26906
QSMTLIAIPLLWIVFVEID,-111.00308,-115.54239,1.38864,1.2694
QSMTLIAIPLLWIVFVEIN,-111.45307,-115.30905,1.38855,1.26932
QSMTLIAIPLLWIVFLEIN,-112.25657,-116.52636,1.38838,1.26916
QIMTLIAIPLLWIVFLEIN,-112.79265,-116.94863,1.3884,1.26918
QIVTLIAIPLLWIVFLEIN,-112.83566,-116.72263,1.38815,1.26895
QIMTLIMIPLLWIVFLEIN,-112.91645,-118.98237,1.38888,1.26966
TIMTLIMIPLLWIVFLEIN,-112.81199,-118.93491,1.38896,1.26973
TIMWLIMIPLLWIYFLEIN,-115.00809,-120.14357,1.38887,1.26969
KIMWLIMIPLLWIYFLEIN,-114.92749,-119.86707,1.3888,1.26963
KIMWLIMIPLLWVYFLEIN,-114.32437,-119.70485,1.38858,1.26941
KIMWLIMIPLLWVYFFEIN,-114.52547,-120.56036,1.38865,1.26947
KIMWLIMIRLLWVYFFEIN,-113.72811,-120.56963,1.38835,1.2692
KIMTLIMIRLLWVYFFEIN,-112.75885,-121.01769,1.38753,1.26845
KIWTLIMIRLLWVYFFEIN,-111.64622,-121.19228,1.3877,1.26858
KIWTLIMIRLLWVMFFEIN,-111.82814,-121.66605,1.38832,1.26914
KIWTLIMIRLLWVIFFEIN,-112.07161,-121.3173,1.38878,1.26957
KIWTLIFIRLLWVIFFEIN,-112.18779,-122.89928,1.38885,1.26964
YIWTLIFIRLLWVIFFEIN,-112.28389,-122.32352,1.38907,1.26984
YIWTLIFIRLLWYIFFEIN,-111.96214,-122.54004,1.38842,1.26922
YIATLIFIRLLWYIFFEIN,-112.91912,-121.45132,1.38785,1.2687
YIATLGFIRLLWYIFFEIN,-114.68706,-117.99634,1.38833,1.26911
YIATLGFIRLLWWIFFEIN,-113.32841,-118.43785,1.38842,1.2692
YPATLGFIRLLWWIFFEIN,-112.86267,-118.33324,1.38829,1.26907
YPLTLGFIRLLWWIFFEIN,-113.59444,-120.12066,1.38856,1.2693
YPLTLGFIRLLWWVFFEIN,-113.55046,-119.1,1.38818,1.26894
YLLTLGFIRLLWWVFFEIN,-114.62724,-119.83409,1.38809,1.26888
YLLTLGFIFLLWWVFFEIN,-114.78884,-121.84665,1.38846,1.26924
YLLMLGFIFLLWWVFFEIN,-114.12332,-123.26207,1.38864,1.26945
YLLMLGFIFLLIWVFFEIN,-115.09668,-124.04502,1.38837,1.26921
YLLMLGFIILLIWVFFEIN,-115.26495,-122.98975,1.38867,1.26949
YLLMLGFIPLLIWVFFEIN,-115.94111,-121.19814,1.38822,1.269
YLLMLGIIPLLIWVFFEIN,-115.72148,-121.32231,1.38789,1.26869
YLLWLGFIPLLIWVFFEIN,-116.91223,-122.37626,1.38883,1.2696
YLLFLGFIPLLIWVFFEIN,-116.47171,-122.60106,1.38798,1.26878
YLLFLGFFPLLIWVFFEIN,-118.29248,-122.80738,1.38825,1.26905
YLLFLGFFPLLIWVFFEKN,-117.05701,-122.72218,1.38841,1.2692
YLLFLGFFELLIWVFFEKN,-118.10444,-121.64405,1.38888,1.26962
YLLFLGFFELLWWVFFEKN,-115.45129,-121.65927,1.38878,1.26952
YLLFLGFFELLWWVFFERN,-115.95057,-121.92367,1.38887,1.2696
YLLELGFFELLWWVFFERN,-116.65931,-119.90166,1.38884,1.26953
YLLCLGFFELLWWVFFERI,-114.57338,-121.10062,1.38906,1.26976
YLLCLGFFVLLWWVFFERI,-113.50101,-123.18527,1.38878,1.26957
YLECLGFFVLLWWVFFERI,-113.78511,-121.4974,1.38868,1.2695
YLECLGFFVLLVWVFFERI,-113.85505,-119.93817,1.388,1.26888
YLETLGFFVLLVWVFFERI,-114.03496,-117.97133,1.38791,1.26878
YLHTLGFFVLLVWVFFERI,-114.6804,-117.86846,1.38811,1.26895
YLHTLGFFFLLVWVFFERI,-113.59453,-120.18677,1.3882,1.269
YLHTLGFFFLLIWVFFERI,-114.10041,-120.99738,1.38851,1.2693
YLHTLGFFFLLIWVFFESI,-113.81167,-121.23441,1.38874,1.26951
YLCTLGFFFLLIWVFFESI,-114.84186,-122.38899,1.38914,1.26985
YLCTLGFFFLLIWVFFISI,-115.9736,-122.96236,1.38904,1.26971
YLCDLGFFFLLIWVFFISI,-115.5545,-123.09884,1.38887,1.26958
YLMDLGFFFLLDWVFFISI,-116.19216,-118.33243,1.38862,1.26932
YLMDFGFFFLLDWVFFISI,-116.05567,-118.357,1.38887,1.26957
YLQDFGFFFLLDWVFFISI,-116.06773,-117.69467,1.38884,1.26953
YLQDFGFFFLLDMVFFISI,-115.29758,-118.27591,1.38838,1.2691
YLQGFGFFFLLDMVFFISI,-115.65063,-119.03838,1.38845,1.26918
YLWGFGFFFLLDMVFFISI,-115.80405,-121.39747,1.38859,1.26929
YLWGFGFFFLLDMLFFISI,-115.16088,-122.2801,1.38843,1.26915
YLWGFGFFFLLDMLFFSSI,-115.31975,-121.83849,1.38814,1.26888
YLWGFGFFFLLDMLLFSSI,-115.73811,-120.90325,1.38833,1.26903
YNWGFGFFFLLDMLFFSSI,-115.38915,-121.99895,1.38861,1.26931
YNWGFGFFFLLDMLFFSPI,-115.51986,-121.72627,1.38905,1.26973
YNWGFLFFFLLDMLFFSPI,-118.54082,-124.22024,1.38852,1.26926
YNWGFLFFFLLDMLFFSMI,-119.5519,-125.22545,1.38902,1.26974
YTWGFLFFFLLDMLFFSMI,-119.34306,-125.7223,1.38878,1.26953
YTWGFLFFFLLDLLFFSMI,-119.79052,-127.198,1.38892,1.26966
MCFCFPLWEWIGLYAVELE,-110.63861,-109.12051,1.38922,1.26989
QWFWVVLPIFWLLLHNNQG,-110.72234,-113.16682,1.38897,1.26969
QWFVVVLPIFWFLLSHEQG,-108.81951,-112.10187,1.38919,1.26991
QWFVVVLPIFWFLLAHVQE,-111.0864,-114.81441,1.38896,1.26977
QWFMVVLPIFWFLLAHVQE,-111.06481,-114.81382,1.38881,1.26962
TWFMVVLPIFWFLLAHVQE,-110.86494,-114.82586,1.38864,1.26946
TWFMVVLPIFWFLLAHVVE,-110.61095,-115.854,1.38813,1.26895
TCFMVVLPIFWFLLAHVVE,-110.60697,-116.54454,1.38824,1.26906
TCFMVVLPYFWFLLAHVVE,-110.2577,-114.96559,1.38819,1.26896
TCFMVVLPYFWPLLAHVVE,-109.04191,-114.34807,1.38848,1.26921
TQFMVVLPYFWPLLAHVVE,-109.37053,-112.45621,1.38825,1.26899
TQFMVVLPYFWPLLACVVE,-109.1421,-112.94573,1.38836,1.26912
TQFMVVLPYFWPLLWCVVE,-109.41798,-114.49571,1.38839,1.26913
TQFMVVLPYFWPFLWCVVE,-109.14284,-114.10101,1.38865,1.2694
TQFMVVLPYFWPFLWHVVE,-108.17262,-114.1173,1.3892,1.2699
YLPKVVLPIFVPFLWHVVT,-108.66766,-114.65807,1.388,1.26878
YLPKVVLPIFVPFLWHVVL,-109.94846,-116.29262,1.38799,1.26877
YLPNVVLPIFVPFLWHVVL,-110.94979,-116.41949,1.38812,1.26889
YLPNVPLPIFVPFLWHVVL,-111.10263,-114.2889,1.38867,1.26942
YLPNVPLPIFVPFLWLVVL,-113.28471,-114.38529,1.38825,1.26902
YLPNVNLPIFVPFLWLVVL,-112.93388,-114.7857,1.3884,1.26915
YLPNVNLIIFVPFLWLVVL,-112.12369,-115.31336,1.38845,1.26924
YLPNVNLIIFVPFLWLVRL,-111.10559,-114.94886,1.3887,1.26951
YLPNVNLNIFVPFLWLVRL,-111.61929,-113.82378,1.3885,1.26926
YLPNVNLNIFVMFLWLVRL,-112.0724,-112.87914,1.38887,1.26959
YLPNVWLNIFVMFLWLVRL,-113.05742,-115.76828,1.38859,1.26937
YLPCVWLNIFVMFLWLNFL,-113.71597,-115.8596,1.38902,1.26977
YLPCVWLNIFAMFLWLNFL,-114.25368,-114.85231,1.3889,1.26965
YLPHVWLNIFAMFLWLNFL,-112.76746,-114.83499,1.38867,1.26937
NLPHVWLNIFGMFLWLNFL,-112.83931,-114.40096,1.38843,1.26912
NLDHVWLNIFGMFLWLNFY,-113.12113,-114.33289,1.38925,1.26987
NLDHVWLNFFGMFLWLNFY,-114.26768,-115.11014,1.38905,1.2697
NRDHVWLNFFGMFLWLNFY,-114.37407,-115.56207,1.38872,1.2694
NRDHVWLNFFGMFLILNFY,-114.58826,-115.23487,1.38838,1.26914
NRDAVWLNFFGMFLILNFY,-113.73956,-115.36761,1.38774,1.26856
NGDAVWLNFFGMFLILNFY,-114.40181,-115.44906,1.38784,1.26864
NGDAVFLNFFGMFLILNFY,-113.89073,-116.72434,1.38701,1.26786
NGDNVFLNFFGMFLILNFY,-114.42109,-116.36653,1.38725,1.26807
NGDNVFLNFFGLFLILNFY,-114.74392,-118.40451,1.38722,1.26804
NGDTVFLNFFGLFLILNFY,-114.66566,-118.76077,1.38675,1.26761
NGDTVFLGFFGLFLILNFY,-114.19554,-119.2152,1.38739,1.2682
NGHTVFLGFFGLFLILNFY,-113.17486,-119.17031,1.38747,1.2683
NGRTVFLGFFGLFLILNFY,-113.47429,-119.37052,1.38729,1.26812
NGRMVFLGFFGLFLILNFY,-113.52975,-119.84333,1.38743,1.26826
NRRMVFLGFFGLFLILNFY,-113.71744,-120.08515,1.38741,1.26824
NRRMVFLGFFGLFLYLNFY,-114.41654,-120.53671,1.38752,1.26833
NRRMVFLGFFLLFLYLNFY,-113.12205,-123.49056,1.388,1.26888
NRRMVFLGFFLLFLYLNFD,-112.98253,-123.09869,1.38787,1.26878
NRRMVFLGFFLLFLYENFD,-112.62285,-121.6184,1.38879,1.26963
NRRMNFLGFFLLFLYENFD,-113.62158,-120.87954,1.38894,1.26972
NRSMNFLGFFLLFLYENFD,-113.64296,-120.66936,1.38894,1.26972
NRSMNFLGFFLLFLYENFA,-113.54642,-120.57133,1.38871,1.2695
NRSFNFLGFFLLFLYENFA,-114.60897,-122.45891,1.38812,1.26893
NRSFNFLGFFLLFLYANFA,-115.35434,-123.07552,1.38808,1.2689
NRSFNFLGFFLLFIYANFA,-115.42095,-122.66139,1.38836,1.26916
NRKFNFLGFFLLFIYANFA,-115.00929,-122.77672,1.38856,1.26935
NRKFNFLGFFLLMIYANFA,-115.38611,-120.28371,1.38882,1.26957
MRKFNFLGFFLLMIYANFA,-115.69489,-120.44971,1.38877,1.26954
MRKFNFLGFFLLMIYANFT,-115.88336,-120.4582,1.38872,1.26949
MRKFNFLGFFLLMIYVNFT,-115.39825,-121.24962,1.38859,1.26939
MRKFNFLYFFLLMIYVNFT,-113.69535,-122.2324,1.38834,1.26918
MRKFNFLHFFLLMIYVNFT,-114.08008,-120.26908,1.38861,1.26941
MRKFNFLHFFLLMIYVNFP,-113.63522,-119.97251,1.38858,1.26939
MRKFTFLHFFLLMIYVNFP,-113.83374,-120.10288,1.38857,1.26936
MRIFTFLHFFLLMIYVNFP,-114.16973,-120.31861,1.3885,1.2693
MRIFTFLHFFLLLIYVNFP,-115.04275,-121.86802,1.38858,1.26938
MTIFTFLHFFLLLIYVNFP,-115.17786,-121.96487,1.38849,1.2693
MTIFVFLHFFLLLIYVNFP,-114.58264,-122.95503,1.38852,1.26935
MRIFVFLHFFLLLIYVNFP,-114.27536,-122.81432,1.38877,1.26958
MRIFSFLHFFLLLIYVNFP,-114.99571,-121.83524,1.38859,1.26938
MEIFSFLHFFLLLIYVNFP,-114.36041,-121.64522,1.38842,1.26923
MEIFSFLHFFLLLIYVGFP,-114.43242,-121.44963,1.38886,1.26962
MYIFSFLHFFLLLIYVGFP,-116.50804,-123.55766,1.38901,1.26976
MYIFSFLHFFLLLIYVSFP,-116.29811,-123.80766,1.3889,1.26968
MYFFSFLHFFLLLIYVSFP,-116.45886,-124.53078,1.38892,1.26972
MYFFSFLWFFLLLIYVSFP,-114.79645,-124.49053,1.38886,1.26966
YYFFSFLWFFLLLIYVSFP,-114.92337,-124.601,1.3889,1.2697
YYFFSFLWFFLLLIAVSFP,-114.98998,-124.19483,1.38881,1.26958
YYFFSFLWFFLLLILVSFP,-115.94275,-125.26542,1.38909,1.26987
YYFFSFLWFFLLLILVSFR,-116.03798,-124.79923,1.38889,1.26967
IYFFSFLCHFLLLILVSFR,-118.41179,-126.18522,1.38902,1.26971
IWFFFNLLWFLLLYLVFFR,-116.29339,-123.48083,1.38912,1.2699
IWFFFNLLWFLLLYLVFMR,-116.36827,-122.82722,1.38898,1.26976
ILFFFNLLWFLLLYLVFMR,-116.61116,-123.98046,1.38866,1.26947
ILFFFNLLWFLLLKLVFMR,-118.86833,-123.33182,1.38925,1.26991
ILFFFNLLYFLLLKLVFMR,-118.78133,-123.61539,1.3889,1.26964
ILFFFNLLYFLLLKLVFIR,-118.90342,-123.70129,1.38905,1.26979
ILFFFNLLYFLLLGLVFIR,-118.43898,-124.41874,1.38902,1.26976
ILFYFNLLYFLLLGLVFIR,-118.8028,-123.57948,1.38886,1.2696
ILFYFNLLYFLLLGLVFII,-118.38963,-123.57409,1.38902,1.26974
ILFYFNLLDFLLLGLVFII,-116.49484,-123.70291,1.38926,1.26993
ILFYFNLLDFLLLGLVFIP,-117.5643,-123.64554,1.38905,1.26972
IMFGTNWLDFLLLWLVFIP,-115.89743,-120.52878,1.38894,1.26964
IMFGTNWLDFLLLWFVFIP,-115.62349,-120.62985,1.38869,1.26942
IMLGTNWLDFLLLWFVFIP,-116.00293,-120.84114,1.38847,1.26922
IMLGTCILDFLLLWFVFFS,-114.19572,-122.10587,1.38783,1.26864
IMLGTWILDFLLLWFVFFS,-113.63498,-122.12451,1.38783,1.26867
IMLGTWGLDFLLLWFVFFS,-114.6794,-118.01436,1.38848,1.26921
IMLGTEGLDFLLLWFVFFS,-114.81029,-117.68549,1.3881,1.26888
IMLGMEGLDFLLLWFVFFS,-115.55058,-116.87701,1.38835,1.2691
IMLGMETLDFLLLWFVFFS,-117.33692,-117.36751,1.38783,1.26862
INLGMETLDFLLLWFVFFS,-116.46576,-117.62526,1.38748,1.26831
INLGMETLDFLLLWFVFFI,-116.62546,-117.20111,1.38754,1.26837
INLLMETLDFLLLWFVFFI,-114.401,-117.88606,1.38769,1.26851
INLLMETLDFLLLWFVFFE,-114.51484,-117.96599,1.38767,1.26849
INLLMETLDFLLLWFVSFE,-114.52989,-117.62153,1.38736,1.26824
INLLMNTLDFLLLWFVSFE,-115.27488,-117.57741,1.38777,1.26862
INLLMNTLDFLLLWFISFE,-115.79892,-118.44844,1.38785,1.2687
INLLMNTLDFLLFWFISFE,-116.36369,-118.69177,1.38799,1.26884
INLLMCTLDFLLFWFISFE,-114.70259,-119.74035,1.38851,1.2693
INLLMAFLDFLLFWFISFE,-116.29818,-123.31903,1.38846,1.26931
INLLMCFLDFLLFWFISFE,-115.02671,-124.37044,1.38913,1.26984
INLLEAFLDFLLFWFISFE,-114.84297,-124.00891,1.3881,1.26895
INLLEAFLDFLLFWFIAFE,-115.15301,-124.45534,1.38786,1.26871
LNLLEAFLDFLLFWFIAFE,-115.32558,-124.60853,1.38787,1.26872
LNLLEAFLDFLLFWFIAFP,-115.06985,-124.84232,1.38769,1.26855
RNLLEAFLDFLLFWFIAFP,-114.29245,-125.47766,1.38787,1.26873
DNLLEAFLDFLLFWFIAFP,-114.41471,-125.32969,1.38799,1.26882
VNLLEAFLDFLLFWFIAFP,-114.74733,-124.83674,1.3876,1.26847
VNLLEAFLDFLLFGFIAFP,-115.84929,-120.84117,1.38766,1.26847
VNLLEAFLDFLLFGFIFFP,-116.41951,-121.55669,1.38803,1.26882
VNLLEYFLDFLLFGFIFFP,-115.50096,-122.19127,1.38848,1.26924
FNLLEYFLDFLLFGFIFFP,-115.65726,-122.24011,1.38871,1.26946
