Sequence,3L95_X_score,5CZV_A_score,3L95_X_variance,5CZV_A_variance
FLLLFLFFRFW,-107.97855,-110.79747,1.66372,0.26221
FIFNNFVFCFW,-106.96791,-106.40867,1.66423,0.26228
FCLKLKFIAFF,-108.89323,-107.0228,1.66449,0.26231
FYLKLFFIAFF,-108.46388,-107.94535,1.66387,0.26223
FGLKLFFIAFF,-108.68909,-107.28938,1.66412,0.26226
IVLELDFIEFF,-108.572,-107.57085,1.66434,0.26228
IVLELDFIVFF,-110.09313,-106.41632,1.66439,0.26229
VYLMSFFFFSIMF,-109.94416,-114.65502,1.66455,0.2623
VYLMLFTFWSWMF,-108.46327,-108.11127,1.66443,0.26229
VYLMLNMFYVWMF,-109.89471,-106.08423,1.66446,0.26225
VYLMLGMFYVWMF,-107.93282,-106.4362,1.66457,0.26231
VYLMLGMFYVWML,-108.26257,-106.8308,1.66426,0.26224
LKLLLSCIIFFMA,-112.3068,-107.6124,1.6639,0.26215
LILLSMCWGLFLH,-113.21388,-108.20639,1.66448,0.26226
LILLSSCWGLFLH,-113.34058,-106.07386,1.66329,0.26205
LILLSKLWGLFLH,-112.07525,-108.3358,1.66447,0.26226
LILLSVLWGLFLH,-109.96289,-109.16854,1.66332,0.26205
LILLSVLTGLFLH,-110.97718,-106.865,1.66199,0.26181
LILLSVCTGLFLH,-110.86703,-106.16959,1.66388,0.26214
CWLLLKAFFLELP,-110.76465,-111.22618,1.66448,0.26229
CWLLLKLNFLQLQ,-111.13814,-111.20956,1.66466,0.26229
CWLSLKLNFLQLF,-112.42631,-109.21199,1.66447,0.26226
CWLSLILNFLQLF,-109.41799,-109.49584,1.66433,0.26226
CWLELITVFLHLF,-107.29143,-106.15194,1.6625,0.26191
CWLELITYFLHLF,-107.19312,-106.59848,1.66296,0.26199
CWLELIEYFLHLF,-107.60823,-106.85757,1.66322,0.26204
CWLELIMYFLHLF,-108.15389,-109.70566,1.66349,0.26211
CWLELIMWFLHLF,-107.94338,-109.50127,1.66421,0.26224
CWLELIMWFLTLF,-107.29535,-111.24445,1.66382,0.2622
CWLELIMYFLTLF,-108.8271,-110.40548,1.6641,0.26224
CWLELIMYFLDLF,-108.6546,-110.5244,1.66341,0.2621
CWLELIMYFLWLF,-110.94665,-109.57599,1.66402,0.26222
CWLELIMYFLWLL,-111.31376,-109.73549,1.66417,0.26226
CWLELIMYFLHLL,-108.90949,-110.01088,1.664,0.26221
CFLILIMYFLHLL,-108.70792,-108.09188,1.66335,0.26213
CFLILHMYFLHLL,-106.75143,-109.33843,1.66389,0.26222
CFLILHMYFLPLL,-107.64433,-110.41758,1.66436,0.26231
CFLALHMYFLPLL,-107.9366,-110.58443,1.66397,0.26224
CFLALHMYFLSLL,-108.33854,-111.15469,1.66348,0.26213
CFLALHMYFLDLL,-110.29474,-110.78324,1.6632,0.26208
CFLALHMYFLILL,-108.60854,-111.48837,1.66384,0.26217
CFLILHMYFLILL,-108.82102,-111.07468,1.66414,0.26222
CFLDLHMYFLILL,-110.53068,-111.80368,1.66462,0.2623
CFLDLHMEFLILL,-110.46105,-111.31193,1.66439,0.26225
LCLMLEMEILIYL,-109.38981,-110.53017,1.66455,0.2623
LCLMLEMEILIWL,-110.16001,-110.98484,1.66414,0.26223
LCLMIEMEILIWL,-110.18134,-110.20997,1.6642,0.26224
LVLMIEMEFLIWL,-110.71735,-111.50196,1.66323,0.26205
LVLMIEMEFLIAL,-111.34369,-110.50931,1.66445,0.26225
WVLMINMEFLIYL,-112.70603,-108.6602,1.6637,0.26211
WVLLINMEFLIYL,-113.67043,-110.2118,1.6635,0.26208
WVLLINFEFLIYL,-113.6099,-112.92185,1.66389,0.26216
NMILAYCFFFFLQ,-111.00872,-105.99085,1.66454,0.26229
GCFLTYCFFFFWQ,-109.8462,-107.07174,1.66461,0.26231
MEFLTYVFWPFYM,-107.02232,-107.47579,1.66458,0.26232
WEFLTCAFWPFLH,-107.59026,-111.04309,1.66438,0.26225
WMFLGAKFWQFLW,-109.93207,-108.35479,1.66463,0.26229
WMFFKMSFGKFLY,-107.85007,-111.04659,1.66447,0.26225
WMFFKMDFGLFLY,-113.50284,-112.7791,1.66417,0.2622
WMFFKMDFGFFLY,-113.46147,-112.02082,1.66393,0.26217
IMFFKMDFGFFLY,-111.26984,-111.99308,1.66413,0.26218
IMFFKVDFGFFLY,-111.27893,-111.58386,1.66408,0.26217
YMFFKVDFGFFLY,-112.15886,-110.95976,1.66457,0.26226
YIFFKVDFGFFLY,-112.81915,-111.77976,1.66464,0.26227
YIFFKQDFGFFLY,-112.83355,-106.14197,1.66369,0.26211
YIFFKQDFNFFLY,-111.97689,-106.22222,1.66442,0.26225
YIFFKQDFRFFLY,-113.08492,-107.34709,1.66446,0.26226
IIFFKQDFRFFLY,-112.89323,-107.99322,1.66397,0.26217
IIFFKQDFEFFLY,-112.34874,-108.18684,1.66376,0.26213
IIFFRQDFEFFLY,-112.0115,-108.90378,1.66362,0.26211
IIFFRQDFEFFLC,-112.87707,-109.22271,1.66353,0.26208
IIFFRQDFQFFLC,-112.92586,-109.4624,1.66366,0.2621
IIFFRQDFGFFLC,-113.85117,-108.15254,1.66359,0.26209
IIFFRQPFGFFLC,-112.15376,-108.17781,1.66444,0.26225
VIFFRQPFGFFLC,-111.65324,-107.4823,1.66418,0.2622
VIFFRVEFGFFLC,-112.29407,-111.18339,1.66462,0.26227
FIFFRVEFGFFLC,-113.62242,-112.26107,1.66395,0.26216
FIFFRTDFGFFLI,-113.22603,-109.04415,1.66448,0.26226
FIFFRTDFGFFLM,-113.25928,-109.50951,1.66439,0.26225
FIFFRTLFGFFLM,-114.36438,-110.88314,1.66429,0.26224
FIFFRFLFGFFLM,-113.80469,-112.5141,1.66368,0.26213
FIFFRHLFGFFLM,-116.2052,-110.85948,1.66429,0.26222
FIFFPLLFGFFLM,-116.21644,-114.04239,1.66467,0.26231
FIFFPLEFGLFLM,-113.56276,-117.59182,1.66456,0.26226
FIFFPHEFGLFLM,-113.84298,-110.63739,1.66451,0.26229
FIFFFHEFGLFLM,-111.66576,-111.96146,1.66451,0.2623
FIFIFAEFGLFLM,-109.21746,-112.4594,1.66406,0.26221
FIFIFAVFGLFLM,-109.71511,-111.57747,1.66377,0.26217
FIFIFAVFGLFLF,-110.25792,-111.73159,1.66358,0.26214
FIFIKCSFKLFMW,-110.73502,-112.28545,1.66375,0.26214
FFIACILFFLWWL,-111.81023,-110.48865,1.66449,0.26231
LCFYIQLAFQITVRR,-107.04138,-106.12597,1.66336,0.26207
RYCALFPHFDLLWDL,-106.92582,-106.29459,1.66432,0.26222
FMWLLYCWLLLSIKR,-109.3913,-108.94858,1.66443,0.26227
FMWDLYCWLLLSIKR,-108.19399,-110.16962,1.66441,0.26226
FNWNLYCWLLLSIVR,-108.93916,-110.37698,1.66425,0.26226
IYWPLLFYWLLEHML,-108.30773,-110.22171,1.6636,0.26214
FMYPELFILLLTHML,-106.84743,-108.2354,1.66323,0.26205
FYIINLDILLLTHIM,-109.51962,-107.89643,1.66385,0.26217
FYIINLIILLLTHIM,-108.30928,-108.71386,1.66318,0.26208
FYIWVHCYLFWMQIM,-109.41578,-106.27053,1.66384,0.26219
FWINLHCILFWFTIM,-112.56379,-108.90863,1.6643,0.26225
FWINLHCLLFWFTIM,-113.37758,-109.60149,1.66429,0.26225
FWINLHMLLFWFTIM,-111.06553,-110.03624,1.66294,0.26202
FWINLHMLLFWFDIM,-111.17054,-108.50025,1.66299,0.26204
FWINLHMLLFWFMIM,-113.27287,-111.50189,1.66315,0.26207
FWINLHMLLFWFMTM,-113.30607,-111.31072,1.66321,0.26208
FWILLHMLLFWFMTM,-112.70802,-112.02656,1.66316,0.26206
FWIYLHMLLFWFMTM,-112.84102,-112.61922,1.66408,0.26224
FWIYLHVLLFWFMTM,-114.03595,-112.0499,1.66423,0.26227
FWITLHVLLFWFMTM,-114.80208,-110.9747,1.66246,0.26193
FWLTLHVLLFWFMTM,-115.26138,-111.8806,1.66246,0.26193
FWLFLHVLLFWFMTM,-115.28429,-113.39392,1.66427,0.26227
FWLFLHLLLFWFMTM,-115.49684,-114.67549,1.66424,0.26226
FWLFLHLLLWWFMTM,-115.88045,-113.54329,1.66432,0.26228
FWLNLHLLLWWFMTM,-116.33913,-112.45136,1.66382,0.2622
FWLNLELLLWWFMTM,-117.30371,-112.28184,1.6636,0.26213
FWLPLELLLVWFMTM,-112.96595,-111.66782,1.66344,0.26209
FWLSLELLLVWFMTM,-113.3124,-110.66958,1.66342,0.2621
FWLSLELLLVWFMTD,-111.18638,-110.74996,1.6637,0.26216
FWLSLELLLVWFMGD,-110.29801,-111.25921,1.66365,0.26215
FWLSLELLLVWFMMD,-110.86458,-109.70155,1.66329,0.26208
FWCSLELLLVWFMMD,-110.88706,-108.16007,1.66408,0.26222
FWCSLELLLVVFMMD,-107.36963,-108.76183,1.66415,0.26222
FWCSLELLLVVFMMM,-110.46572,-109.83736,1.66397,0.26219
FWCSLELLLVVFMML,-110.90618,-109.82032,1.66388,0.26217
FWCSLKLLLVVFMML,-109.94819,-110.08539,1.66356,0.26212
FWCSLKLLLVVFMMT,-108.9803,-110.09807,1.66321,0.26204
FWCSLKLLLFVFMMT,-110.92838,-111.47713,1.6638,0.26216
FWCSLQLLLFVFMMT,-111.78401,-111.26408,1.66398,0.2622
FWQSLQLLLFCFMMT,-111.91407,-111.31642,1.66438,0.26226
WLMIVLTMIYLLIIF,-108.31571,-106.73283,1.66305,0.26204
WLMIVLRMIYLLIIF,-107.38536,-107.5169,1.6636,0.26212
WLMIVLRMIYFLIIF,-107.26503,-107.75724,1.66308,0.26203
MLMEFKIIIYLLIIW,-106.96633,-105.98449,1.6645,0.2623
MLMEFIIIIYLHIIW,-106.98929,-108.57917,1.66427,0.2623
MLMPFIIIIYLHIIW,-107.79211,-108.64122,1.66407,0.26224
MLMQFIIIIYLHIIW,-107.60793,-108.43265,1.66326,0.26205
IFMQFTFQIYLVITF,-108.8843,-106.03167,1.66314,0.26204
MFMQFTFPIYLVITH,-109.17039,-106.28924,1.66408,0.26222
MFMQFTFPIWLVITH,-110.8708,-107.90176,1.66358,0.26212
MFMQFTFPILLVITH,-108.90561,-110.21386,1.66397,0.2622
MFMFFTFPILLVITH,-110.96058,-112.89303,1.66425,0.26225
TFMFFTFPILLVITH,-110.88784,-112.64193,1.66389,0.26218
TFMFFTFCILLVITH,-113.43715,-112.39876,1.66462,0.26231
TFMFLTFPILLVITH,-110.27186,-112.83748,1.66372,0.26215
TFMFLYFPILLVITH,-110.16979,-113.2866,1.66398,0.2622
TFMLLYFPILLVITH,-110.58798,-112.23875,1.66382,0.26218
TFMLLFFPILLVITH,-111.0083,-112.7613,1.66368,0.26215
CFMLLFFPILLVITH,-111.73654,-113.31122,1.66355,0.26213
CFMLLFFSILLVITH,-111.77031,-112.3335,1.66336,0.26211
CFMLLFKSILLVITH,-111.82567,-108.04805,1.6632,0.26204
YFMLLETMDLLVIRM,-107.22902,-107.60165,1.66316,0.26203
YFFLLETMDLLVIRM,-107.04277,-110.21494,1.66401,0.26218
YFFLLETSDLLVIRM,-108.01234,-105.86777,1.66424,0.26223
YFFLLETYDLFVIRH,-108.01472,-107.36656,1.66438,0.26223
YFFLLETYQLFVIRH,-107.35018,-107.34304,1.66409,0.26219
YFFLLEIYQLFVIRH,-108.70068,-111.14814,1.66434,0.26226
GFFLLEIYQLFVIRH,-106.57981,-111.0157,1.66402,0.2622
GFFLLEIYELFVIRH,-106.95633,-110.55487,1.66397,0.2622
GFFLLSIYELFVIRH,-107.23234,-110.60423,1.66328,0.26207
YFILNSIYTLFVVLE,-107.33961,-107.02048,1.66287,0.26198
YFILNSIWTLFVLLE,-107.37256,-109.3416,1.66333,0.26206
DFILNMIWQLFVLLI,-107.88798,-111.04796,1.66444,0.26227
DFILNMLWQLFVLLI,-108.30257,-111.50389,1.66448,0.26228
DFICNMLFQLFGLLI,-108.09682,-110.46576,1.66436,0.26225
DFICNMLFRLFGLLI,-106.79366,-110.60156,1.66431,0.26225
HAIGNLLFGLFGLLI,-110.32951,-113.1,1.66303,0.26203
MAIGNLLFGLFGLLI,-111.66456,-112.60639,1.66295,0.26202
RAIGNLLFGLFGLLI,-109.88546,-113.01723,1.66307,0.26203
RAILNLLFGLFGLLI,-109.86305,-111.52492,1.66296,0.262
RAILNLLFMLFGLLI,-109.93768,-110.00004,1.66335,0.26209
RAILNLLFMTFGLLI,-109.15201,-110.85575,1.66248,0.26192
RNILNLLFMTFGLLI,-109.70615,-110.30997,1.66324,0.26205
RNILNLLFMNFGLLI,-109.27862,-112.25593,1.66366,0.26213
RVILNLLFMNFGLLI,-110.03248,-112.80061,1.66273,0.26197
RVILNLLFMNFFLLI,-112.41651,-111.77731,1.66273,0.26197
RIILNLLFMNFFLLI,-112.85406,-111.92541,1.663,0.26202
RIILNLLFINFFLLI,-112.71613,-112.06968,1.66373,0.26215
RIILNLLFINFFVLI,-111.85993,-112.27906,1.6635,0.26211
RQILNLLFINFFVLI,-110.27157,-113.02214,1.66359,0.26213
RQILNLLFINFFVLM,-110.78305,-112.92278,1.6635,0.26211
RQGLNLLFINFFVLM,-111.66543,-112.12246,1.66354,0.26212
RQGLNLLFINFFGLM,-111.0534,-112.33316,1.66291,0.262
RQGLNLLFIGFFGLM,-111.70157,-111.65389,1.66307,0.26203
RQGLNLLFIGFFELM,-112.40512,-111.85429,1.66342,0.26211
RQTLNLLFIGFFELM,-110.25649,-112.31379,1.66226,0.26189
LQTLNLLFIGFFELM,-111.45716,-112.78142,1.66258,0.26196
LQTLHLLFIGFFELM,-111.22722,-113.88927,1.66311,0.26206
LITLHLLFIGFFELM,-112.93009,-112.78008,1.66333,0.26211
LITLQLLFIGFFELM,-113.93235,-112.3932,1.66278,0.26199
LITLQLLFIGFFNLM,-112.99688,-112.67528,1.66238,0.26192
LITLQLLFIGFLNLM,-111.09651,-113.21965,1.66246,0.26193
LITLQLLFIGFLMLM,-112.73951,-112.81148,1.66282,0.26198
LITLQLEFIGFLMLM,-109.62137,-113.72736,1.66293,0.262
LICLQLEFIGFLMLM,-111.17711,-113.73806,1.66395,0.26219
LHCLGLKFCGFLFLM,-108.29733,-112.48576,1.6646,0.2623
LHCLGLKFDGFLFLM,-109.44271,-112.36466,1.66321,0.26203
LVCLGLKFDGFLFLM,-110.91402,-112.87259,1.66429,0.26223
LVCLGLKFCGFLFLM,-110.928,-111.23676,1.66468,0.26229
LRCLGLKFCGFLFLM,-107.59317,-112.74284,1.66443,0.26225
LRCLHLKFCGFLFLM,-107.70532,-112.4882,1.66449,0.26228
LRCLHLKFLGFLFLM,-108.88457,-116.77778,1.66319,0.26205
LRVLHLKFLGFLFLM,-108.88396,-114.57967,1.66354,0.26211
LRVLHLGFLGFLFLM,-110.25744,-115.94824,1.66321,0.26206
LRVLHLGFLGFLLLM,-110.04724,-117.30685,1.66317,0.26206
LRVLHLGFLGFLLLI,-110.06527,-117.23051,1.66327,0.26207
LDVLHLGFLGFLLLI,-110.29203,-116.59026,1.66325,0.26206
LDVLHLGLLGFLLLI,-110.90456,-116.09926,1.66303,0.26202
LDVLGLGLLGFLLLI,-111.38847,-114.62755,1.66218,0.26187
LDVLGLPLLGFLLLI,-110.49863,-115.27951,1.66278,0.26197
WWIEPQLNFYMYFFNIH,-107.66488,-107.17189,1.66347,0.2621
WWIYPQLNFYMYFFNIH,-107.56999,-108.31836,1.66387,0.26217
WWIYPQLNFYMYFFNYH,-107.58423,-106.88894,1.66306,0.26203
WWIYPQLNFYMYFFNYD,-106.94644,-107.33804,1.66334,0.26208
WWIYPQLNFYMYFFWYD,-108.13752,-106.42539,1.66357,0.26213
WWICPQLNFYMYFFWYD,-108.30552,-106.30523,1.66416,0.26223
WWIHEQLNFCMYFFWYD,-109.92871,-105.9937,1.66404,0.26221
WWIHEQLNFCYYFFWYD,-108.57681,-106.71542,1.66449,0.26231
WWIHTQLNFCYYFFWYD,-108.45268,-106.24269,1.66392,0.2622
WWIHTQLNFCYYFFWYW,-107.48517,-106.71013,1.6641,0.26223
WYIHTQLNFCYYFFWYW,-107.93833,-107.07089,1.66331,0.26209
WYIHTQLNFCYYFFWYD,-108.93761,-106.68624,1.66319,0.26206
WYIHTQLNFCYYFFWQD,-110.31709,-106.91632,1.66414,0.26224
WYIHTQLNFCYYFFWKD,-110.06426,-107.0834,1.66448,0.26229
WYIHTNLNFCYYFFWKD,-109.45805,-107.54937,1.6644,0.26228
WYIHTNLNFCYYFFWKN,-110.07298,-107.39409,1.66405,0.26222
WYIHTNLDFCYYFFWKN,-109.68517,-108.47594,1.66434,0.26227
WYIHTNLDFCYYLFWKN,-110.12218,-108.02668,1.6638,0.26217
WYIHTNLDFCYYLFFKN,-109.00069,-108.91908,1.66359,0.26214
WYIHTNLDFCYWIFFKN,-108.92804,-110.13411,1.66461,0.26231
WFIGINLLFCYWVFFKI,-113.13303,-110.23926,1.6644,0.26228
WFIGINLAFCYWVFFKI,-110.36126,-110.33466,1.66433,0.26227
WFIGIDLPFIYWVFFKI,-113.08109,-112.03983,1.66407,0.26222
WFIGIDLEFIYWVFFKI,-113.67602,-111.46228,1.66384,0.26217
WFSGIDLEFIYWVFFKI,-110.81437,-111.70527,1.66361,0.26213
WFSGIDLEFIYWMFFKI,-111.8849,-112.72599,1.66378,0.26216
WFSYIDLEFIYWMFFKI,-111.79905,-113.60144,1.66379,0.26217
WFFYIDLEFIYWMFFKI,-115.15982,-112.29811,1.66347,0.2621
YFFYIDLEFIYWMFFKI,-114.78486,-112.57177,1.66347,0.26209
YFFYIDLEFIYWMFFKA,-113.84623,-112.68307,1.66339,0.26208
YFRYIDLEFIYWMFFKA,-109.34979,-113.08711,1.66359,0.26213
YFRYIDLEFIYWMMFKA,-108.02011,-113.72152,1.66398,0.26219
YFWYIDLEFIYWMMFPA,-110.91794,-112.61344,1.66433,0.26225
MFWYIDLEFIYWMMFPY,-111.6893,-113.06542,1.66442,0.26227
MFAYIDLEFIYWMMFPY,-108.61074,-113.93617,1.66332,0.26206
MFAPIDLEFIYWMMFPY,-108.6038,-112.7805,1.66314,0.26204
MFAPIDLCFIYWMMFPY,-109.24352,-108.73467,1.66392,0.2622
MFALIDLCFIYWMMFPY,-108.53399,-110.36937,1.66449,0.26231
MFALIDLCIIYWMMFPY,-108.61968,-108.94495,1.6645,0.2623
MFALIDLKIIYWMMFPY,-108.82013,-113.97033,1.66306,0.26202
MFALIDLKIIYWMMFPI,-109.83714,-114.64673,1.66305,0.26201
MFALIMLKIIYWMMFPI,-110.69141,-109.32287,1.66316,0.26204
MFALIMLKIIYWMMFFI,-111.25004,-107.77595,1.6625,0.26193
MFALIMLKIIYWMMFDI,-111.47463,-108.82479,1.66292,0.262
MFILIMLKIIYWMMFDI,-111.15681,-109.04059,1.66332,0.26207
MFILIMLKNITWMMFDI,-107.71804,-105.86467,1.66354,0.26212
MFILIMLKHIYWMMFDI,-109.85533,-106.03281,1.66303,0.26202
MFILIMLWHIYWMMFDI,-107.95502,-108.59763,1.66434,0.26229
MFHLIFLWHRKWIMLYI,-109.58839,-106.38691,1.66426,0.26223
MFHLIFLWHRWWIMLYP,-108.06555,-107.15709,1.66418,0.26223
WEFLFFLVHRWRICYWP,-108.02882,-108.53047,1.66394,0.2622
WGELFFLVTWWAICYFP,-106.94392,-107.05812,1.66391,0.26217
KGELFFLVTSWAICYFP,-108.04834,-105.99897,1.6637,0.26215
KGELFFLVTSWALCYFP,-108.31759,-106.16441,1.66344,0.2621
KGELFFLVTSWALCYVP,-107.47161,-106.20003,1.6634,0.26209
KDELFFLMASWFLWYVH,-108.39621,-109.08531,1.66208,0.26185
FTAIDFDLLMLKWCGLL,-106.58427,-108.55839,1.6633,0.26206
FTAIDFDLLMLKWCGIL,-106.90063,-108.31415,1.66339,0.26207
YFGKLIMKYCVFFPFSA,-107.89906,-107.40077,1.66377,0.26215
YFGKLIMNYCVFFPFSA,-107.36049,-107.96985,1.66337,0.26208
HFTALFWIMWQFFPFFH,-111.4991,-112.34726,1.66399,0.26221
HFTALFWIKWQFFPFFH,-110.53687,-112.50978,1.66403,0.26222
HFTALFWIKWQFFPFMH,-110.5581,-111.9154,1.66433,0.26228
HFTALFWIGWQFFPFMH,-111.70105,-111.91338,1.66411,0.26224
HFTALFWIGWQLFPFMH,-110.48795,-111.3559,1.66444,0.2623
HFTALFWIFWQLFPFMH,-110.31995,-112.64368,1.66385,0.26219
HFSALFWIFWQLFPFMH,-109.81527,-113.30726,1.66446,0.26232
HFVALFWIFWQLFPFMH,-110.32055,-111.4031,1.66441,0.26228
HFVALKWIFWQLFPFMH,-109.72533,-108.60025,1.66398,0.2622
HFVALKWIFWQLFGFMH,-110.18649,-108.45455,1.66447,0.26231
HFVALKWIFWQLFGFMY,-109.79732,-108.57123,1.66409,0.26225
HFVALKWIFVQLFGFMY,-110.03588,-109.48896,1.66296,0.26202
HFVALKWIFVNLFGFMY,-110.98188,-109.97269,1.66275,0.26198
HFVMLKWIAVNLFCVMY,-107.32402,-108.59036,1.66348,0.2621
HFVMLKWIAVNLFMVMY,-108.08592,-107.69301,1.66257,0.26193
HFVMLKWIAVNFFMVMY,-109.04252,-107.24033,1.66244,0.26191
PFVMLKWIAVNFFMVMY,-108.50443,-107.98233,1.66261,0.26194
PFVMLKWIAVNFFMMMY,-108.89964,-107.88936,1.66268,0.26196
PFVMLKWIHVNFFMMMY,-108.84228,-107.81725,1.66364,0.26213
PFVMLKWIHVLFFMMMY,-107.24389,-109.01978,1.66366,0.26214
PFVMLKWIKVLFFMMMY,-108.36953,-109.21352,1.66387,0.26219
PFYMLKWIKVLFFMMMY,-108.48189,-108.55105,1.66413,0.26225
PFYMLKWIKVLFFPMMY,-107.31473,-111.67681,1.66424,0.26227
PFYMLKWIKVLFFQMMY,-107.74895,-110.53358,1.66344,0.26212
PFFMLKWIKVLFFQMMY,-108.33332,-111.31263,1.66345,0.26211
PFFMLKWIKVLFFQMVY,-107.892,-111.68009,1.66321,0.26206
PFFMLKWIKVLFFQMVC,-108.17652,-111.36911,1.66386,0.26219
PFFMLKWIKVLFFQMMC,-108.53209,-110.81039,1.66407,0.26224
PFFRLKWIKVLFFQMMC,-109.14029,-110.49877,1.66377,0.26219
PFFRLKWIKVLFFQMIC,-108.94892,-111.54679,1.66362,0.26216
PFFRLKWIKLLFFQMIC,-109.67393,-113.52939,1.66376,0.26219
MFFRLKWIKLLFFQMIC,-109.88428,-113.77944,1.66356,0.26214
MFFRLKWIKLLFFQMIK,-108.73355,-113.93616,1.66379,0.26217
MFFDLKWIKLLFFQMIK,-108.16196,-113.88609,1.66442,0.26228
MFFDLKQIKLLFFQMIK,-109.57394,-110.58331,1.66311,0.26202
MFFDLKQIKLLFFYMIK,-108.36207,-111.23132,1.66286,0.26198
MFFKLKQIKLLFFYMIK,-108.30805,-110.54747,1.66261,0.26194
MFFKLKQIKLLFFYMMK,-108.27325,-110.05373,1.66261,0.26194
MFFKLKVIKLLFFYMMK,-106.90969,-112.92859,1.66263,0.26194
MFFKLGVIKRLFFYMME,-106.58564,-107.4767,1.66308,0.26202
MMFKLGVIKRLFFYMME,-106.60027,-106.62465,1.66302,0.26201
MELALGVIKRLFFYMME,-106.70311,-106.17882,1.66223,0.26188
MELALPVIWWLFFPMME,-107.38929,-110.3673,1.66421,0.26226
MELALQVIWWLFFPMME,-107.81079,-110.49088,1.66364,0.26214
MCLALQVIWWLFFPMME,-109.28368,-109.69023,1.66317,0.26206
MCLALQVIWWLFFPMMP,-109.06421,-109.7744,1.66334,0.26208
MCLALQVIWWLFFPRMP,-109.10805,-108.41359,1.66415,0.26224
MCFALSNIWMLFFFRML,-108.37563,-110.20347,1.66426,0.26228
MFFALSNIWMLFFFRML,-109.66067,-111.26227,1.66391,0.26224
MFFALSNIWMLFFFFML,-111.72701,-110.29053,1.66392,0.26222
MFFALSNIPMLFFFFML,-111.64173,-111.03591,1.66271,0.26195
MFFALSNICMLFFFFML,-112.66275,-109.86277,1.66454,0.26231
MFFALSNIMMLFFFFML,-113.33513,-110.74919,1.66299,0.26202
MFFALHNIMMLFFFFML,-112.45702,-111.00881,1.66343,0.26211
MFFALHNIMMLFFRFML,-111.79652,-111.45976,1.66287,0.26199
MFFALHMIMMLFFRFML,-112.72271,-110.19434,1.66283,0.262
MFFALHMIAMLFFRFML,-111.6084,-110.87516,1.66209,0.26185
FFFALHMIAMLFFRFML,-112.22014,-110.9375,1.66228,0.26188
FFFALHMIVMLFFRFML,-113.45132,-110.78593,1.66243,0.26192
FFFALHMIVMLFFRFGL,-113.51561,-109.47069,1.66347,0.26211
FFFALHMIAMLFFRFGL,-112.86327,-110.55433,1.66318,0.26206
FFFALHMIAFLFFRFGL,-114.01444,-111.52283,1.66343,0.26209
FFFALHLIAFLFFRFGL,-115.93471,-113.42909,1.66327,0.26207
FFFALHLIMFLFFRFGL,-116.62373,-113.22487,1.66408,0.26224
WFFALHLIMFLFFRFGL,-116.8128,-112.69634,1.66405,0.26224
WFFALELIMFLFFRFGL,-116.07166,-113.30894,1.66362,0.26214
WFFALELIMFLFFRFRL,-115.09326,-113.31041,1.66369,0.26215
WFFALELIMFLQFRFRL,-110.28846,-115.41092,1.66389,0.26217
MFFALELIMFLQFRFRL,-109.48109,-115.77187,1.66386,0.26217
MFFALELFMFLQFRFRL,-109.89016,-115.15307,1.66439,0.26228
MFFALMLFMFLQFRFRL,-110.40381,-112.90121,1.66373,0.26218
MFFALMLFQFLQFRFRL,-109.51791,-114.83325,1.66366,0.26215
MFFALMLFQFLGFRFRL,-110.36674,-116.42384,1.66314,0.26203
MFFRLMLFQFLGFRFRL,-111.11986,-117.08563,1.66332,0.26207
MFFPLMLFQFLGFRFRL,-111.26206,-116.44189,1.66364,0.26212
MFFPLMLFQFLGFRLRL,-111.23831,-116.91605,1.6639,0.26218
MFFPLMLFQFLGFRLRY,-110.78744,-117.06329,1.66371,0.26213
MFFPLMLFQFLGFRLSY,-111.00344,-117.55366,1.66362,0.26211
MEFPLMLFQFLGFRLSY,-111.01102,-116.25802,1.66322,0.26204
MEFPLMLFFFLGFRLSY,-111.87472,-114.35632,1.6643,0.26229
MEFPLMLFFFLEFRLSY,-113.98997,-113.5657,1.66401,0.26224
MDFPLMLFFFLEFRLSY,-113.99853,-113.58645,1.66423,0.26229
MDFPLMLFFFLEFGLSY,-116.81045,-114.34613,1.66432,0.26231
MDFPLMLFFFLEFGLQY,-116.3664,-114.75263,1.66387,0.26218
MDFPLMLFFTLEFGLQY,-114.91807,-115.78702,1.66354,0.26215
MDFPLMLFFTLEFGLVY,-115.85306,-116.20022,1.66331,0.26209
PDFPLMLFFTLEFGLVY,-115.86324,-115.47086,1.66351,0.26212
LAPWPIDIWLYLNFGVFLY,-107.53196,-108.56424,1.66321,0.26206
LWPWPIHIMLYLIFGVFFY,-112.08407,-108.54836,1.66435,0.26228
LWPWPIHIMLYLEFGVFFY,-110.04287,-110.49004,1.66418,0.26224
LWPWPIHIMLYLEWGVFFY,-110.22503,-108.45912,1.66357,0.26211
LWTWPIHILLYLLWGVFFP,-112.72377,-110.39837,1.66385,0.26219
LWTWPIHILLGLLWGVFFP,-110.96723,-111.35808,1.66382,0.26218
LWTWPIGILLGLLWGVFFP,-110.96026,-109.4538,1.66447,0.26229
LWTWPIVILLGLLWGVFFP,-110.51812,-110.78088,1.6639,0.26219
LWTWAIVILLGLLWGVFFP,-109.15942,-110.19399,1.66308,0.26205
LWTWAIVILLGLLWGVFFA,-108.73152,-110.49523,1.663,0.26204
LWHWAIVILLGLLWGVFFA,-109.05932,-111.35326,1.66316,0.26206
LWHWAGVILLGLLWGVFFA,-109.509,-109.6263,1.66346,0.2621
LWGWAGVILLGLLWGVFFA,-108.91573,-109.83056,1.66344,0.26211
LWMWAGVILLGLLWGVFFA,-110.22855,-108.63907,1.66361,0.26212
LPMWAGVILLGLLWGVFFA,-108.98946,-108.85591,1.66279,0.26198
FPMWAGVILLGLLWGVFFA,-109.27576,-108.9084,1.66305,0.26202
FPMWAGVILLGLQWGVFFA,-110.50206,-108.0119,1.66263,0.26195
FVMWAGVILLGLQWGVFFA,-110.6702,-107.98117,1.66275,0.26198
FVMYAGVILLGLQWGVFFA,-110.24681,-108.19291,1.66208,0.26186
FVMYAGVILLGLQWYVFFA,-109.11654,-108.06873,1.66202,0.26184
FVMYAGVILLGLQWYVFIA,-109.30877,-107.92902,1.66183,0.26181
FVMYAGVILLGLQWPVFIA,-110.05865,-107.76052,1.66253,0.26194
FVMYWGVILLGLQWPVFIA,-109.83475,-108.86928,1.66436,0.26229
FVMYWGVILLGLQWPVFID,-110.08091,-108.83813,1.66445,0.26231
FVMYWGVILLGLNWPVFID,-109.71788,-109.40025,1.66432,0.26227
FVMYWGVILLLLNWPVFID,-109.51283,-111.97855,1.66359,0.26213
FDMYWGVILLLLNWPVFID,-109.42919,-113.18482,1.6641,0.26223
FDWYWGVILLLLPWPVFID,-107.31012,-114.57419,1.66458,0.26231
LDWYWGVILLLLPWPVFID,-106.65397,-114.75406,1.6643,0.26226
FDWYWIVILLLLNWPVFID,-110.60404,-113.22379,1.66395,0.26221
FDWYWIVILLLLNWPLFIN,-111.72871,-113.63254,1.66416,0.26226
FDWYWIVILLLLNWQLFIN,-110.62576,-113.95552,1.6643,0.26231
FDWYWIVILLLLNWQLFIL,-111.56009,-114.48554,1.66404,0.26225
FKAYWWLILLLLGWSLFIY,-112.05036,-114.51669,1.66443,0.2623
KRAWWWLILLSLGWSFFIY,-109.12694,-112.54615,1.66429,0.26227
KKGFWWLILLSFGYSFFIY,-110.99842,-111.52156,1.66421,0.26224
KKGFWWIILLSFGYSFFIY,-111.36158,-111.2094,1.66443,0.26228
MKGFWWIILLSFGYSFFIY,-111.69327,-112.27003,1.66423,0.26224
MKGFWWIILLYFGYSFFIY,-113.32912,-111.09397,1.66362,0.26214
MKEFWWIILLYFGYSFFIY,-113.3784,-111.31085,1.66374,0.26217
MAEFWWIILLYFGYSFFIY,-112.40058,-111.82463,1.66379,0.26218
MACFWWIILLYFGYSFFIY,-112.6103,-112.11213,1.66416,0.26226
MVCFWWLILLYFGYSFFIY,-113.40746,-112.0714,1.66415,0.26227
MVLFWWLILLYFGCMFFIY,-113.81825,-112.69296,1.66358,0.26214
MVLFWWLQLLYFGMMLFHI,-112.81591,-110.00742,1.66443,0.2623
MVCFWWLQLLYFGLMLFII,-113.08668,-113.30311,1.66445,0.26231
MVCFWELQLLYFGLMLFII,-112.1003,-113.77139,1.6635,0.26214
MVCFWELQLLYFGLMCFII,-111.18215,-115.20066,1.66408,0.26225
MVCFWELQLLYFGLMCFIA,-111.16028,-114.53203,1.66414,0.26226
SVCFWELQLLMFGLMCFIA,-114.3718,-113.07615,1.66444,0.26231
SVCFWELQLLMFGLMCFIC,-114.35612,-113.37465,1.66427,0.26228
SVCFWELQFLMFGLMCFIC,-115.63034,-113.49875,1.66452,0.26232
SVCFWELQFLMFGLMCFIW,-115.38825,-113.82894,1.66431,0.26226
SVCFHELQFLMFGLMCFIW,-115.77202,-112.27299,1.66424,0.26224
SVCFSELQFLMFGLMCFIW,-114.60127,-112.55882,1.66383,0.26216
SICFSELQFLMFGLMCFIW,-114.6772,-112.87342,1.66387,0.26217
SICFSGLQFLMFGLMCFIW,-113.79901,-113.26658,1.66355,0.26212
MICFSGLQFLMFGLMCFIW,-112.93459,-113.57875,1.66392,0.26219
MICFKGLQFLMFGLMCFIW,-113.06784,-113.69878,1.66347,0.26212
MICFKGLQFLMFGLMSFIW,-110.92778,-114.1047,1.66248,0.26194
MIYFKGLQFLMFGLMSFIW,-109.41038,-114.43618,1.6627,0.26198
MIYFKGLQFLMFGLMVFIW,-110.82733,-114.09926,1.66324,0.26208
MIYFKGLQFLMFPLMVFIW,-111.92361,-113.21889,1.66346,0.26213
MIYFKGLQFLMFPLMPFIW,-110.40072,-114.43417,1.66312,0.26205
MIYFQGLQFLMFPLMPFIW,-110.5992,-114.07413,1.66338,0.2621
MIYFQGLQFLMFPLMPPIW,-110.64381,-111.94725,1.66428,0.26226
MIYFQGLQFLMFPLMPPIH,-110.781,-111.55191,1.66446,0.2623
MICFQGLQFLMFPLMPPIH,-110.83912,-111.80233,1.6643,0.26226
MICFQGLQFLMFPLYPPIH,-111.29271,-110.89426,1.66463,0.26232
MICFQGLQFLMFPLYPPIT,-111.4931,-111.08582,1.66461,0.26232
MICFQILQFLMFPLYPPIT,-108.2557,-113.38326,1.66397,0.26221
MICFQILQFLMFPLYPPIL,-108.19857,-114.01238,1.66433,0.26228
MICFQILQFLMFPLCHPIL,-109.0601,-113.31147,1.66367,0.26215
YSPALHWHDFLMFFLLWYY,-112.08464,-107.97258,1.66452,0.26228
YSPALHWHDSLMFFLLWYY,-112.49256,-106.36802,1.66395,0.26217
YSPALHWHDSLMFFLLWYI,-113.08305,-107.69044,1.66395,0.26217
YSPALHWHDSLLFFLLWYI,-114.00026,-107.20652,1.66352,0.2621
YSPALHWHDSLLFFLLWHI,-114.36678,-107.13769,1.66337,0.26208
FSPALHWHDSLLFFLLWHI,-114.5684,-106.9333,1.66359,0.26212
ISPALHWHDSLLFFLLWHI,-114.69889,-107.22717,1.66362,0.26212
ISPALHWHDSLLFFLIWHI,-114.02739,-106.97301,1.66372,0.26214
ISPALHWHISLLFFLIWHI,-110.80431,-108.42689,1.66401,0.26222
ISPALHWHISLLFFLSWHI,-109.42318,-109.97878,1.664,0.26221
ISPALHWHISLLFFLSWTI,-109.85487,-109.65664,1.66365,0.26215
ISPALHWHISLLSFLSWTI,-106.58777,-109.61645,1.66285,0.26199
ISPALHWHISLLKFLSWTI,-107.30473,-108.50125,1.66311,0.26205
ISPALHWHIGLLKFLSWTI,-108.92263,-108.05926,1.66315,0.26205
ISPALHWHIGLLGFLSWTI,-107.82597,-109.10213,1.66343,0.2621
ISCALHWHIGLLGFLSWTI,-107.00057,-109.68216,1.66336,0.26208
ISCALHWHIGLLRFLSWTI,-108.29008,-109.29403,1.6635,0.26212
ISCSLHWHIGLLRFLSWTI,-107.80915,-109.32292,1.66336,0.26208
ISCSLHWHIGLLQFLSWTI,-107.88022,-109.33511,1.66374,0.26215
ILCLLPWPIHLLQELSWTL,-109.44405,-108.29143,1.66438,0.26227
ILCLLPWPIHLLVELSWTL,-108.49025,-109.1456,1.66384,0.26216
ILCLLPWPIQLLVELSWTL,-107.80596,-109.89826,1.66434,0.26224
ILCLLPWPIQLLVCLSWTL,-107.59612,-112.0839,1.66419,0.26224
LLCLLPWPIQLLVCLSKTL,-107.91445,-109.56623,1.66445,0.26228
TLNLLMWQCDLLVCLSECC,-110.44295,-110.16071,1.66454,0.26229
SLNLLYWFCAFLVLLSLVC,-111.02435,-111.28726,1.6629,0.26202
SLNLLYWFCAFLVLLSLSC,-110.6278,-111.66885,1.66441,0.26231
IWNLLFWFCAFLVSLSLSC,-111.08931,-112.79255,1.66398,0.26222
IRNPKFFFCAFLVWLSLSG,-110.64481,-110.22219,1.66442,0.26229
IRRPKNLFCAFLPWLIFNH,-106.96141,-108.45401,1.66453,0.26228
IRRPKILFCAFLPWLIFNH,-110.84602,-107.83284,1.66445,0.26226
IRRPKLLFCAFLCWLIFRL,-110.46687,-110.28428,1.66385,0.26216
IRRPKLLFCAFLCWLIFDL,-109.6983,-110.76215,1.66415,0.26223
LKNQKFLFCPFICWLMEWH,-110.98869,-110.58996,1.66449,0.2623
LKNQKFLFCVFICWLMEWH,-111.06415,-106.86135,1.66374,0.26214
LKWQKFLFGFFRIWLMNWE,-108.50984,-114.30377,1.664,0.26221
CKWQKFLFGFFRIWLMNWE,-107.97217,-114.29782,1.66427,0.26229
LYWQKFLFGFFRIELMAWE,-106.58168,-115.17772,1.66332,0.26208
LYWQKFLFGFFRIPLMAWE,-107.24333,-115.46238,1.66321,0.26207
LYWQKFFFGFFRIPLMAWE,-107.32139,-114.71521,1.66354,0.26212
LYWQKFFFGFFSIPLMAWE,-107.37574,-115.3948,1.66387,0.26218
LYWQKFFFHFFSIPLMAWE,-109.53877,-113.81207,1.66383,0.26219
LYWQKFFFHFFSIALMAWE,-110.12042,-112.84801,1.66321,0.26207
LYWQKFFFEFFSIALMAWE,-108.82689,-113.45656,1.66343,0.26211
LYWQKFFFEFFSIALMHWE,-108.12503,-113.8708,1.66363,0.26215
FAPLFLYEMQYMCID,-106.90156,-106.88984,1.66361,0.26211
GFFCFPLAMKMFFPR,-111.1153,-106.76314,1.66445,0.26226
GFFCLPLAMKMFFPR,-111.76044,-108.72354,1.66357,0.26209
GFFCLPLAMKMFFCR,-111.68446,-107.87361,1.66327,0.26204
GFFWLPLAMKMFFCR,-109.28295,-105.89876,1.66439,0.26224
GFFWLPLAMWMFFCR,-109.21517,-108.06336,1.66369,0.26212
GFFNLPLAMWFGFTR,-108.72441,-110.02246,1.66452,0.26228
GFFNLPLAMWFGFVR,-108.78007,-109.88127,1.66415,0.26221
GFFCLPLAMWFGFVR,-109.32633,-110.62455,1.66436,0.26225
GFFCLPLAMWFGFVW,-110.28857,-110.93706,1.66433,0.26224
WFFLLHLEMGFKFVF,-114.08193,-113.73462,1.66463,0.2623
WFFLLHLEIGFKFVF,-113.12152,-113.99385,1.66443,0.26227
WFFLLNLECGFKFLF,-114.1875,-112.02574,1.66372,0.26211
WFFLLNLEMIFQFLR,-111.76931,-112.05509,1.66412,0.26221
FFFLLNLEMIFQFLR,-111.69465,-113.51104,1.66432,0.26224
FFFLLNLEMSFKFLR,-112.2027,-112.29472,1.6644,0.26225
FFFLLNFEMSFKFLR,-111.13079,-111.75948,1.6643,0.26224
FFFLLNFEMQFKFLR,-111.10098,-112.27556,1.66461,0.26231
FFFKLNFEMQFKFLR,-110.32897,-108.63603,1.66398,0.26218
FFFKLNFVMQFKFLR,-106.84282,-109.88899,1.66397,0.26218
FFFDLNFVMTFKFLR,-108.11897,-111.25779,1.6639,0.26217
FCFDLNFVMTFKFLR,-107.94047,-110.29987,1.66389,0.26216
FCFGLNFVMTFKFLR,-109.85339,-109.9772,1.66351,0.2621
FCFGLNFVMTFHFLR,-109.30105,-108.31825,1.66356,0.2621
FCFGLNFVMTFHMLR,-108.44034,-108.49092,1.66372,0.26214
FCFGLNFVMTFHVLR,-108.35343,-107.86022,1.66343,0.26208
FCFGLNFVMPFHVLR,-107.97627,-107.10843,1.66389,0.26216
FIFGLNFVMPFHVLR,-108.65165,-106.30067,1.66303,0.262
FWFGLNFVMPFHVLR,-106.98886,-106.22126,1.66317,0.26202
FWFGLNFHMNFKILG,-107.13006,-106.07426,1.66387,0.26214
FLFGLYFHMNFKILG,-110.88223,-107.96186,1.66393,0.26219
HLFGLYFHMNFKILG,-109.55223,-107.97529,1.66413,0.26222
HLFGLYFHMEFKILG,-109.47394,-107.49782,1.66409,0.26221
HLFGLYFHMEFYILG,-109.56061,-106.97245,1.66328,0.26208
WLFGLYFHMEFYILG,-111.52809,-107.95661,1.66345,0.26212
WLFGLYIHMEFYILG,-109.25294,-107.7647,1.66315,0.26205
WLFGLYIPMEFYILG,-107.67851,-109.33502,1.66325,0.26205
WLFGLYIGMEFYILG,-108.90555,-108.97202,1.66305,0.26202
WLFGLYIGMEFYIWG,-107.41778,-108.85697,1.66353,0.2621
WLFGLYIVMEFYILG,-107.16172,-109.14326,1.66308,0.26202
WLFGLYIIMEFYILG,-107.13173,-109.28543,1.6634,0.26208
WLFGLYIIWEFYILG,-108.73547,-111.2987,1.66382,0.26218
WLFGLYIIWEFMILG,-110.5696,-110.80467,1.66429,0.26225
WLFGLYIIFEFDILC,-108.97862,-113.73974,1.66446,0.2623
WKFGLYIIFEFDILC,-109.97209,-113.52893,1.6641,0.26225
WKFGLYIIFEFDILT,-109.19169,-113.25626,1.66351,0.26214
WLFGLYIIFEFDILT,-108.34165,-113.65824,1.66422,0.26226
WQFGLYIIFEFDILT,-109.24561,-113.35547,1.66344,0.26212
WQFNLYIIFEFDILT,-108.76552,-114.29317,1.66418,0.26226
WQFNLYIITEFDILT,-109.96578,-107.32656,1.66419,0.26224
WQFSLYICYLFRLLN,-107.56707,-106.18226,1.66389,0.26218
VQFFLYICYLFRLLY,-110.22552,-106.10616,1.66458,0.2623
VQFFLYISYLFRLLY,-111.0783,-107.97776,1.66263,0.26194
NQFFLYISYLFRLLY,-111.50979,-109.06842,1.66262,0.26193
NQFFLYISYLFRLLS,-110.23964,-109.68605,1.66334,0.26207
EQFFLYISYLFRLLS,-110.30019,-109.9186,1.66312,0.26202
EFFFLYISYLFRLLS,-110.54797,-110.67931,1.66373,0.26214
EFFFLYISYLFRLLL,-112.14326,-110.65046,1.66368,0.26212
EFFFLYISYLFYLLL,-112.8196,-111.1598,1.66309,0.26203
EFFFLYISYLFHLLL,-113.06549,-110.62493,1.66352,0.2621
EFFFLYISYLFHLIL,-112.58876,-110.61572,1.66363,0.26212
EFFFLYISWLFHLIL,-111.94707,-111.88714,1.66402,0.26222
EFFFLYISWFFYLIL,-112.96547,-111.70903,1.6643,0.26226
EFFFLYISWFFWLIL,-112.27083,-112.28511,1.66455,0.2623
EFFFLGISWFFWLIL,-114.22053,-114.59072,1.66443,0.26228
EFFFLGIHWFFWLIL,-112.08313,-115.27198,1.66446,0.26227
EFFFLGLHWFFWFIL,-113.06935,-115.25831,1.6646,0.26232
EFFFLGLHLFFWFIM,-113.91564,-117.31983,1.66422,0.26224
MFFFLGLHLFLIFIM,-113.75298,-117.42691,1.66439,0.26225
MFFFLGLSLFLIFIM,-114.59178,-116.70872,1.66457,0.2623
MFFFLNLSLFLIFIM,-115.21351,-116.40522,1.66439,0.26226
MFFFLNLSLFLIFCM,-114.41209,-116.74304,1.66407,0.2622
MFFFLNLSLALIFCF,-113.14176,-117.29536,1.66333,0.26206
MFFFLNLSLWLIFCF,-115.92849,-116.34778,1.66461,0.26232
MFFFLNLSLSLIFCF,-113.16141,-116.82378,1.66329,0.26205
MFFFLNLSLCLIFCF,-116.34884,-116.14993,1.66435,0.26226
MCFFLNLSLSLIFCF,-113.70308,-116.01376,1.66324,0.26203
MCFFLNLSLILIFCF,-114.84557,-115.65632,1.66446,0.26227
MCFFLNLSLVLIFCF,-113.84494,-116.07542,1.66414,0.26222
TCFFLNLSLVLIFCF,-114.43909,-115.62731,1.66378,0.26216
TCFFLNLSLVLIFCL,-114.45089,-115.69758,1.66376,0.26216
TFFFLNLSLVLIFCL,-114.0133,-116.61692,1.66383,0.26217
TIFFLNLSLVLIFCL,-113.85267,-116.47556,1.66341,0.26209
TIFFLNLSLVLIFCF,-114.0266,-116.38322,1.66354,0.26212
VIFFLNLSLVLIFCF,-112.66444,-117.38496,1.66386,0.26217
VIFFLNLSLFLIFCF,-114.17159,-117.86897,1.66458,0.26232
VIFSLNLSLFLIFCF,-114.25164,-114.15773,1.66296,0.262
VIFCLNLSLFLIFCF,-112.99518,-115.84522,1.66464,0.26231
VIFDLNLSLFLIFCF,-114.0436,-113.59598,1.66307,0.26202
VIFYLNLSLFLIFCF,-113.61064,-116.61511,1.66416,0.26223
VIFWLNLSLFLIFCF,-113.8083,-115.0318,1.6643,0.26225
VMFWLNLRLFLIFAW,-112.46553,-113.84701,1.66421,0.26223
VMFWFNLRLFLIFAW,-113.34007,-113.34294,1.66425,0.26225
VMFCFNLRLFLIFAW,-113.29164,-113.50499,1.66398,0.2622
VMFCFNSRLFLIFAW,-115.04458,-108.45705,1.66366,0.26212
VMFCFNVRLFLIFAW,-112.73437,-111.59811,1.66418,0.26224
VMFIFNVRLFLIFAW,-113.02898,-111.57892,1.66434,0.26228
VTFIFNVRLFLIFAW,-113.27503,-109.52423,1.66356,0.26214
VTFIFNVRLFLIFAD,-111.51519,-109.91029,1.66393,0.26219
VTFIFNVRLFLIFAP,-113.24478,-109.95324,1.66415,0.26223
VTFIFTVRLFLIFAP,-113.97743,-107.50097,1.66314,0.26203
VTFIFQVRLFLIFAP,-113.69877,-108.85262,1.66438,0.26228
VTFIFQVRLFLIFSP,-113.90855,-108.915,1.66419,0.26224
VTFIFQVHLFLIFSP,-112.91808,-110.03795,1.66392,0.26218
VTFIFHVHLFLIFSP,-111.53174,-111.38042,1.66405,0.2622
VTFIFHDHLFLIFSP,-112.07556,-106.82976,1.6641,0.26218
VTFIFHDHLFLIISP,-112.02041,-107.40844,1.66438,0.26224
VCFSFHKHLFLIISP,-112.57755,-106.89057,1.66447,0.26225
VCFSFHKELFLIISP,-112.75972,-105.92411,1.66462,0.26227
VFFSFHKGLFLIIII,-111.85253,-106.70757,1.66448,0.26231
VFFSFRIGLMLIIIV,-110.30032,-108.30243,1.66437,0.26227
VFFSFRIGLMLIQIV,-110.40948,-106.58428,1.66418,0.26223
VFFSFKIGLMLIQIV,-111.09184,-107.08757,1.66423,0.26223
VFFSFKIGLMLIRIV,-111.67132,-107.6689,1.66401,0.26219
VFFSFKIGLNLIRIV,-110.37229,-107.90324,1.66382,0.26214
VLFSFKIGLNLIRIV,-110.99732,-107.61572,1.66336,0.26205
VLFSFKCGLNLIRIV,-111.70031,-106.16576,1.66443,0.26225
FYGCIYFAIQLYKISLK,-107.044,-106.30001,1.66381,0.26215
GYGCIYFAIQLYKFSLK,-107.54588,-106.60603,1.66347,0.26209
HYNWIQFAIWLYFFSLK,-107.07247,-106.58959,1.66327,0.26209
DQLNGYFAIHLGFFILM,-107.95142,-108.39465,1.66242,0.2619
DQLHGYFAIHLGFFILM,-108.01155,-109.27894,1.66241,0.26189
DQLHGYFAIYLGFFILM,-108.46774,-109.36601,1.66225,0.26187
DQLVGYFAIYLGFFILM,-107.13463,-109.336,1.66245,0.26191
DQLVGYFAIYLGFFILI,-107.61146,-108.99588,1.66261,0.26194
DQLPGYFAIYLGFFILI,-107.8359,-108.81356,1.66254,0.26192
IQLPGYFAIYLGFFILI,-108.13799,-110.20472,1.66216,0.26185
IKLPGYFAIYLGFFILI,-107.64198,-110.23622,1.66223,0.26186
HKLPGYFAIYLGFFILI,-107.42621,-110.26381,1.66245,0.2619
TKLPGYFAIYLGFFILI,-108.13726,-109.75207,1.66224,0.26186
TILPGYFAIYLGFFILI,-107.43222,-110.24457,1.66272,0.26195
RILPGYFAIYLGFFILI,-106.81825,-110.02431,1.6629,0.26198
RILPGYFAIYLGFFFLI,-107.20704,-109.61508,1.6628,0.26197
RILPGYFAIYLGFRFLI,-107.35292,-108.65599,1.66257,0.26193
RILPGYFAIDLGFSFLI,-106.58502,-107.38363,1.6625,0.2619
RILPGYFMIDLGFSFLI,-107.76545,-107.76563,1.66367,0.26212
RILHGYFMIDLGFSFLI,-108.57673,-107.72507,1.66371,0.26214
RILHGWFMIDLGFSFLI,-109.04891,-107.7819,1.66384,0.26215
RILQGWFMIDLGFSFLI,-108.25823,-107.86127,1.6634,0.26208
RCLQGWFMIDLGFSFLI,-108.18714,-108.41602,1.66345,0.26209
RCLQGWFMIDLGFDFLI,-108.24842,-109.81529,1.66402,0.2622
RCLQGWFMIDLGFDFLM,-108.33085,-109.8463,1.66409,0.26222
RCLQGWFMIYLGFDFLM,-109.45339,-110.30553,1.6635,0.26211
RYLQLWFMNYLGFDFLM,-108.88674,-113.01446,1.66376,0.26216
RRLQLWFMNYLGFDFLM,-110.53573,-113.49552,1.66388,0.26217
RRLNLWFMNYLGFDFLM,-110.64076,-113.15985,1.66365,0.26213
RRLNLWFMNYLGFIFLM,-111.1705,-112.55865,1.66298,0.26201
RRLNLWFMNYLGFIILM,-110.73644,-113.08103,1.66324,0.26207
RRLNLWFINYLGFIILM,-110.19797,-114.0007,1.66391,0.26219
ERLNLWFINHLGFIILM,-110.92767,-110.44634,1.66464,0.26232
ERLDLWFINHLGFIILM,-110.78042,-110.71672,1.66458,0.26231
ERLDLWFIMKLGFIILM,-111.64379,-112.31001,1.66397,0.2622
ERLDLWFIKWLGFIILM,-110.14819,-113.25289,1.66386,0.26217
EQLDLWFIKWLGFIILM,-110.20848,-113.18557,1.6641,0.26221
EQLDLMFIKWLGFIILM,-109.20022,-113.05331,1.66269,0.26196
CQLDLMFIKWLGFIILM,-109.74976,-111.80694,1.66292,0.262
CQLDLMFIKWLGFIILA,-109.8756,-112.08983,1.66305,0.26202
RQLDLMFIKWWGFIILA,-111.54215,-112.49854,1.66435,0.26227
RQLDLVFIKWWGFIILA,-112.08361,-111.75524,1.6645,0.2623
RYFELAFIKWWGFIIVN,-109.09619,-112.30828,1.66437,0.26226
MYFELAFIKWWGFIIVN,-110.76565,-112.41588,1.66463,0.26231
MYFGLAFIQWWGFIIVL,-110.12864,-112.22482,1.66422,0.26225
MYFGLAFISWWGFIIVL,-110.57857,-112.47812,1.6643,0.26226
MPFGLIFISWWGFIIVL,-113.49199,-112.36638,1.66437,0.26229
MPFGLIFIYWWGFIIVL,-113.10397,-112.58171,1.664,0.26222
MNFGLLFIIWQYFIIVP,-112.42642,-110.46536,1.66422,0.2623
MYFGLLFIHWNYFIIVP,-110.47815,-112.78496,1.66434,0.26229
MYFDLLFIHWNYFIIVP,-112.16763,-112.52126,1.66456,0.26232
MYFDLLFIHWNFFIIVP,-112.87203,-114.32676,1.66452,0.26231
MYFDLLFIHWNFLIIVP,-111.97621,-114.75802,1.66446,0.26228
MYFDLLFIHWDFLIIVP,-113.66823,-114.5166,1.66456,0.26231
MYFDLLFIHWDFLIIVI,-113.71658,-114.68086,1.66423,0.26225
MYFDLLFIHWDFLIIHI,-114.28396,-112.15441,1.66424,0.26226
MYFDLLFIHLDFLIIHI,-111.98629,-113.81714,1.66341,0.26213
WYFDLLFIHLDFLIIHI,-111.24301,-114.67114,1.66329,0.26211
WYFDLLFIHLIFLIIHI,-113.57646,-113.29371,1.66355,0.26213
WYFDLFFIHLIFLLIHI,-114.58259,-113.62296,1.66391,0.26221
WWFDLFFIHLIFLLIMI,-113.77335,-114.97744,1.66449,0.26231
FWFDLFFIHLIFLLIMI,-114.35343,-114.48767,1.66457,0.26232
FWFDLFFIHLIFLLWMI,-114.05802,-114.83939,1.66397,0.26221
FLFDLFFIHLIFLLWMI,-113.74053,-114.90451,1.66356,0.26213
FLEDLFFIHLIFLLWMI,-114.11315,-112.59626,1.66284,0.26198
FLEGLFFIHLIFLLWMI,-115.31902,-112.86528,1.66335,0.26208
FLEGLFFIHLEFLLWMI,-114.25967,-117.29219,1.66395,0.26221
FLEGLFFIHLEFLLWMW,-114.0292,-117.53026,1.6637,0.26216
FLGGLFFIHLEFLLWMW,-114.38759,-117.2634,1.66392,0.2622
FLGGLFFIHLEFLLLMW,-114.45785,-118.35434,1.66373,0.26217
FLGGLFFIQLEFLLLMW,-114.75761,-117.84922,1.66347,0.26211
FLGGLFFIQLEFLLLMK,-114.97922,-117.39738,1.66388,0.26219
ASDILLDVIFFPYMFYAYI,-107.62188,-105.89608,1.66274,0.26199
ASDILLDVWFFPAMFYQYI,-106.83797,-106.448,1.66439,0.2623
EGDTLLVVQFFLICFYQWI,-109.63123,-110.75318,1.66267,0.26195
EGDTLLVVTFFLICFYQWI,-110.65228,-109.51038,1.66204,0.26184
EGCTLLVVTFFLICFYQWI,-110.50172,-108.64145,1.66256,0.26195
EGCTLLVVTFFLICFYQWD,-109.0407,-108.72434,1.66285,0.26201
EGCLLLVVTFFLICFYQWD,-109.99273,-109.95541,1.66381,0.26219
EGCLLLNVTFPLICFYQWD,-107.51747,-108.57026,1.66334,0.26208
EYCLLLWVTFPLICFYQWD,-108.12139,-111.30373,1.66406,0.26222
EYCLLLWVEFPLICFYQWD,-108.14061,-113.42278,1.66435,0.26227
EYSLLLWVEFPLICFYQWR,-107.30638,-113.46388,1.66454,0.2623
NKTGLGNWHFWMIEFLEWW,-106.58393,-108.02249,1.66461,0.26232
NKTGLGNWHFWMIAFLEWW,-106.82827,-108.01208,1.66432,0.26226
NDLMLGMWTFWMLGDLEWW,-107.73903,-109.64185,1.66452,0.26229
EDLMLGMWIFWMLGQLEWF,-107.85434,-109.59879,1.66429,0.26228
EDLNLGMWIFWMLGQLEWF,-109.81421,-109.12316,1.66385,0.26217
EDLNLGLWIFWMLGQLEWF,-110.2608,-109.85577,1.66447,0.2623
WDLNLMLWHFGMLRQLEMF,-106.71447,-108.94433,1.66359,0.26211
WDLSLMLWHFGMLCQLEMF,-108.73011,-109.60838,1.6644,0.26227
WKLSLMLWHFGMLCQLEMF,-109.03172,-109.91486,1.66386,0.26217
FLFTNMRWYFWILWKLDHL,-107.63464,-109.01399,1.66375,0.26216
FLHTLMRWYFWILWKLYHL,-106.67445,-108.30711,1.66375,0.26217
FLHTLMRWYFWILWALYHL,-107.42073,-108.21031,1.66328,0.26209
FLHTLMRWYFWILWALYHE,-107.56011,-107.13427,1.66381,0.26219
FLHTLMRWYFWILWALYRE,-107.13732,-107.45361,1.66409,0.26224
FLHTLMIWYFWILWALYRE,-109.39053,-108.79137,1.66427,0.26228
FLHNLMIWYFWNLWALYFE,-107.74031,-110.32756,1.6638,0.26217
FLHNLMIWYFWNLWALFFE,-108.70909,-110.5757,1.66375,0.26216
FLHNLMIFYFWNLWALFFE,-107.7787,-112.58722,1.66355,0.26214
FLHNLMIFYFWNFWALFFE,-108.06999,-111.48739,1.66326,0.26209
FLHNLMFFYFWNFWALFFE,-109.64548,-112.23941,1.66381,0.26223
FLHNLMFFYFWNFWALFFM,-110.61127,-111.6253,1.66369,0.2622
YLLPADLDMFWIIHHILRA,-106.90442,-105.87865,1.66463,0.26232
NRVMYLMIVFLRFVILNSY,-107.57653,-106.06237,1.66267,0.26197
NRVMYLKIVFLRFVILNSY,-106.94044,-106.64768,1.66279,0.26201
NRMMWLAIVFKQFQILNLH,-109.58899,-105.95856,1.66274,0.26196
NRMMWLAIFFKQFQILNLH,-109.68265,-106.61987,1.66402,0.26219
NRMMWLAIFFKQFQILNLI,-110.40704,-106.04456,1.66396,0.26219
NRMIWLAIFFKQFQILNHI,-111.40503,-106.06543,1.66434,0.26227
NRMIWLAIFFPQFQILNHI,-111.96813,-107.12769,1.66432,0.26227
NRMIWLAIFFPQFNILNHI,-110.94912,-107.70699,1.66377,0.26217
NRMIWLAIFFGQFNILNHI,-111.19757,-107.1276,1.66404,0.26221
MRMIWLAIFFGQFNILNHI,-111.34539,-108.3618,1.66384,0.26217
MRMIWLAIFFGQFNILNHQ,-110.18224,-108.83235,1.66365,0.26213
MRMIWLAIFFGQFGILNHQ,-110.97569,-107.86984,1.66382,0.26217
MRMIWLSIFFGQFGILNHQ,-111.1389,-106.99739,1.6642,0.26224
MRMIWLSIVFGGFGILNHQ,-109.05392,-108.08649,1.66293,0.26199
YILPTLIIYFGQLALLKQS,-108.28173,-107.07715,1.66268,0.26196
FGLLFFILIFADGLGLWRS,-111.40514,-108.01311,1.6639,0.26218
FSRLFFIWIFADHLGLMHS,-109.25597,-106.31568,1.66443,0.26228
VSRLFFIWIFADHLGLMHS,-109.40587,-106.04749,1.66418,0.26223
VSRLFFIWIFADHLGLMHM,-109.71705,-105.87805,1.66428,0.26225
VIRLFFIWIFADHLGLMHM,-110.06082,-106.36374,1.6644,0.26228
VGRLFFIWIFADHLGLMHM,-110.29258,-106.21884,1.66444,0.2623
VWILFFIWIFFIGLCINLS,-111.21091,-112.63916,1.66442,0.26231
VSLNFMFWQFKIGLEIHLK,-110.01156,-108.59951,1.6645,0.26229
VSLNFFFWQFKIGLEIHLK,-110.41785,-109.34476,1.66419,0.26224
VSLNFFFWQLIIVLEIHLK,-109.23094,-110.17361,1.66431,0.26228
LSLNFFFFRHIKVLEIYLK,-108.54863,-108.41811,1.66457,0.26232
LSLNFFFFRHIGVLEIYLK,-107.91815,-108.64115,1.6638,0.26215
LSLNFFFFRHIGVLEIFLK,-108.68075,-108.61521,1.66374,0.26215
LDLNFFFFRHIGVLEIFLK,-109.02315,-109.00702,1.66428,0.26226
LDLNFFFFRHIGVLEIFAK,-109.51876,-108.29918,1.66402,0.2622
FDLNFFFFRHIGVLEIFAK,-109.70085,-108.22763,1.66429,0.26226
