Sequence,1TQB_A_score,2W9E_A_score,1TQB_A_variance,2W9E_A_variance
SDFMVMCGFPFLRLV,-113.81126,-97.36837,0.24507,1.58905
SNFMVMCGFPFLRLV,-114.60167,-98.38364,0.24499,1.5886
SNFMVMCGFPFLRLF,-114.19743,-98.3689,0.24498,1.58857
WSWFFECVIAFFWQL,-108.85836,-98.57857,0.2448,1.58763
MVWFFECGIRFFVSR,-108.59744,-100.3602,0.24504,1.58893
MVWFFECGIRFFVAR,-108.74098,-100.61691,0.24505,1.58892
MVWFFRWGIRFFVAR,-109.90152,-98.4613,0.24499,1.58862
MVWFFRWGIRFFVAC,-109.773,-98.47373,0.24505,1.58883
MVWFFEWGIRLFVAC,-109.85104,-99.5291,0.24508,1.58902
MVWFFEWGIRLFMAC,-110.31351,-99.54397,0.24505,1.5889
MMWFFEWGIRLFMAC,-111.40076,-99.14375,0.24503,1.58875
MMWFFGWAIRLFMPF,-113.79103,-97.3588,0.24505,1.58881
AMWFFGWAIRLFMPF,-113.89445,-97.48655,0.24506,1.58894
VMWFFGVAIRLFLPF,-114.03983,-97.39065,0.24489,1.58807
VMWFFGLAIRLFLPF,-116.18169,-97.9244,0.24493,1.58829
VMWFFELAIRLFLPF,-115.1554,-98.98849,0.24507,1.58899
WMWFFEIAIRLFLPF,-113.05592,-99.9036,0.24498,1.58855
WMWFFEIALSMFLPF,-112.76356,-100.97288,0.245,1.58858
FIWVFSIALNMFLPF,-111.06672,-98.65519,0.24472,1.58713
FIWVFSIALNMFLPV,-111.2274,-97.73889,0.24471,1.58716
FIWVFSIALMSFLPV,-110.83626,-97.3886,0.24474,1.58721
FIWVFSIALMGFLPY,-111.25222,-98.36118,0.24473,1.58708
CIWVFSLALMGFLPV,-111.93183,-97.56191,0.24475,1.58717
CIWVFSLALMGFLNW,-112.29438,-98.31306,0.24462,1.58656
MIWVFSLALMGFLNW,-112.26642,-98.02958,0.24465,1.58674
MIWQFSLALMGFLNW,-110.92512,-98.38853,0.24472,1.58717
MIWQFSLALMGFLHW,-111.1205,-98.42276,0.24472,1.58713
MTFGMIFLKWYALQFHR,-111.14984,-97.41483,0.24487,1.58789
ERIMGFAFQMMWMIMFP,-111.04696,-97.34081,0.24483,1.5878
IRIMGFAFQMMWAIMFP,-110.71354,-97.52342,0.24474,1.58725
IRIMGFAFWMMWAIMFW,-114.15425,-97.64825,0.24501,1.58861
IFIQGFAPYMMWAIIFL,-110.78663,-97.42321,0.24476,1.58737
VRANLKLWNFVFLPFVD,-113.56489,-98.48764,0.24486,1.58787
VEANLKLWNFVFLPFVD,-114.19726,-98.64927,0.24487,1.58796
VEANFKLWNFVFLPFVD,-113.94923,-99.47856,0.24494,1.58829
VEANFELWNFVFLPFVD,-113.52118,-100.07754,0.24493,1.58826
VMANFELWNFVFLPFVD,-114.60607,-99.62458,0.24486,1.58788
VAANFELWNFVFLPFVD,-113.39782,-99.97855,0.24486,1.58787
VAPNFELWNFVFLPFVD,-113.3751,-99.2923,0.2449,1.58815
VAPNFELWNFVFLQFVD,-113.93627,-97.39727,0.24497,1.58847
VAQNFELWNFVFLQFVD,-114.01393,-97.87172,0.245,1.58854
TFFWHFLWEMLALFFVL,-118.13404,-98.53701,0.2451,1.58903
TFFWHFLWKMLALFFVL,-118.19011,-98.56762,0.24503,1.58869
VWYPEISRMLFLEWPVCFF,-110.24121,-98.21409,0.24493,1.58821
PIILHTVLPIWQMFMVFRT,-111.71937,-97.74098,0.24486,1.58783
PIILHTMLPIWQMFMVFRT,-112.43176,-97.72031,0.24503,1.58867
PTVWLNKFLGIHIFLLFDV,-116.58612,-97.35615,0.24491,1.58795
SYRIALVFYHDFIFHLFQA,-113.89347,-97.65358,0.24467,1.58679
HYRIALIFYHDFIFHWFIA,-115.3021,-97.38924,0.24471,1.58695
MLGINWGMFIFYQFSLLIY,-113.29689,-97.64277,0.24504,1.58868
MLGIIWGMFIFYGFKLLIY,-118.03144,-97.96732,0.24498,1.5883
MLGIFWGMFIFYGFKLLIY,-117.27412,-97.43159,0.24504,1.58855
MLGIFWGVFIFYGFKLLIY,-117.10496,-98.1657,0.24502,1.58837
MLGIFWGVFNFYGFKLLIY,-114.72345,-99.21752,0.245,1.58849
MLGCFWGVFNFYGFKLLIY,-112.69793,-99.65205,0.24494,1.58821
MLECFWGVFNFYGFKLLSH,-111.88324,-97.83319,0.24505,1.58874
MLKCFWGVFNFYGFKLLSH,-111.62643,-97.84327,0.2451,1.58894
MLKCFWGVFNFYGFALLSI,-113.46853,-98.88653,0.24507,1.5887
MLKCFWGVFNFYGFSLLSI,-113.02534,-98.66505,0.24507,1.58869
MLKCFWGVFNFYGFSLLNI,-112.84725,-98.9208,0.24505,1.58858
MLKCFWGVFNFWGFSLLQI,-112.38006,-99.34353,0.24502,1.58842
MLKCFWGVFNFWGFSFLQI,-112.6128,-99.95432,0.24502,1.58852
MLKCFWGVFNFFGFSFLQI,-114.63506,-100.29757,0.24506,1.58868
MLKCFWAVFNFFGFSFLQI,-115.14107,-100.69003,0.24502,1.58847
CLVCIFCVLLNGWFSFLCM,-114.49086,-97.66874,0.245,1.58847
SWWAYICSYFFMPWVDH,-111.38425,-97.73491,0.24496,1.58845
GGWAYICSYFFMYWVDH,-109.99175,-97.36555,0.24494,1.58811
CIAQLIRYEFFQFWLTR,-115.07962,-97.88696,0.24454,1.58614
CIAQLIRYHFFQFWLTR,-115.39354,-97.87742,0.24468,1.58684
CIAQLIRYPFFQFWLTR,-114.33314,-98.27015,0.24456,1.58622
CIAQLIRYPFFQFWLNR,-114.47658,-98.34011,0.24461,1.58648
CINQLIRYPFFQFWLNR,-114.6315,-98.6226,0.24454,1.58616
CINQLIRYEFFQFWLNR,-115.11625,-98.18879,0.24456,1.58627
CINQLIRYEFFCFWLNR,-115.2988,-98.25124,0.24501,1.5886
CINQLIRYEFYCFWLNR,-112.29076,-98.36179,0.24502,1.58864
CINQLIRYQFYCFWLNR,-112.77429,-97.43806,0.24499,1.58841
CHNQLIRYQFYCFWLNR,-111.89342,-97.44275,0.24489,1.58798
CHNQLIRYQFGCFWLNR,-108.08608,-97.86748,0.24499,1.58857
LLKRMWFGMFTYWCLRQ,-109.88272,-97.49592,0.24497,1.58838
