Sequence,1JPS_T_score,4M7L_T_score,1JPS_T_variance,4M7L_T_variance
LLFMFGFHFRLAL,-116.4783,-102.52694,0.18244,1.22077
LLFEFGFHFRLLF,-114.36756,-106.14546,0.18241,1.22077
LIIWEWLKAFGLFLY,-116.78569,-101.99019,0.18222,1.21967
MTWGFLIGIWFEICR,-117.94826,-103.00629,0.18242,1.22074
MTWKFLIGITFRICR,-113.94972,-103.31145,0.18237,1.22046
MTWKFLIAITFRICR,-115.69384,-103.57793,0.18228,1.21999
MTWGFLIAITFRICR,-115.62454,-102.90202,0.18229,1.21993
MTWSFLIRIFFEFCF,-119.09062,-102.05378,0.18233,1.22024
MTWSFLIRIFLEFCF,-119.59267,-101.95544,0.1823,1.22009
MTWSFLYRIFLEFCF,-118.48739,-102.18958,0.18223,1.21973
MNWSFLYRIFLEFCF,-118.45155,-102.0563,0.18227,1.21995
MFVWQLYRYWMFFHM,-117.37858,-101.95742,0.18226,1.21991
MFFWQLYRYWMFFHM,-119.6675,-103.193,0.18233,1.22018
MFFWQLMRYWMFFHM,-120.28262,-102.00157,0.18239,1.22056
MFFWQLMRYWMFCHM,-118.94627,-102.11692,0.18231,1.22016
MFFWQLMRYWMFCYM,-119.43763,-102.13534,0.18243,1.22084
FICLTLFIDPVFFQT,-118.84796,-102.15021,0.18231,1.22007
FICLTLFIDIVFFQT,-121.84189,-102.86255,0.18238,1.2204
IVMLLGFNLMCSFAV,-119.21258,-102.73453,0.18242,1.22082
IVMYLHFDLMCAFAV,-117.41666,-103.43885,0.18241,1.22069
IVMYLHFDLMCAFFD,-116.95457,-103.58244,0.1824,1.22063
IVMYLHFDLMCNFFD,-116.05097,-104.55051,0.18236,1.22045
AVMYLHFDLMCNFFD,-115.84496,-103.53106,0.18233,1.22034
AVMYLHFDFMCNFFD,-115.86593,-103.86377,0.18232,1.22021
AVMYLHFDFMFCFFD,-120.16926,-102.16431,0.18241,1.22073
VYMYLHFDFMFCFFD,-121.58252,-102.28629,0.18234,1.22036
VYMYLHFDFMFCFFS,-121.1565,-102.45718,0.18243,1.22083
VYMYLHFDFHFCFFS,-115.93353,-104.56528,0.18239,1.22065
IYMTLHFDLFFCFFS,-118.18796,-104.2158,0.18235,1.22045
EYMTLHFDLFFCFFS,-116.98593,-104.10137,0.18231,1.22028
EYMTLHFNLFFCFFS,-117.29879,-103.05036,0.18225,1.21997
EYMTLHFNLFFCFFV,-119.28925,-104.13681,0.18233,1.22037
FFMEFKFRDFLCIFR,-116.61088,-102.27327,0.18225,1.21998
FHMYFKFVDFLCIFA,-122.7854,-103.3321,0.18231,1.22013
FHMYFKFVDFLCLFA,-122.9089,-103.79907,0.18244,1.22082
FHMYFKFVDFLCLFE,-122.80413,-103.80479,0.18238,1.22046
FHMYFNFVDFLCLFE,-122.74803,-104.04799,0.1824,1.22064
FHMYFNFVDFLLLFE,-126.11361,-102.98596,0.18239,1.22049
FHMYFNFVDFLLLFV,-126.25413,-102.71353,0.18242,1.22069
FHMYFNFVDFYLLFV,-124.50601,-103.0758,0.18233,1.22023
FHMYFNFVDFYLLVV,-123.5472,-103.28694,0.18234,1.22028
FHMYFNFLDFYLLVV,-125.19088,-103.66109,0.18238,1.22049
FHIYFNFLDFYLLVV,-125.50139,-102.94945,0.18239,1.22055
FHIYFNFLDFYLLVR,-124.9401,-103.76788,0.18239,1.22055
FHIYFNFLDFYLLVG,-124.99998,-103.39113,0.18234,1.22033
FHIYFNFLDFYLLMG,-125.29925,-103.66329,0.18232,1.22019
LQFPFVGLIFELYRK,-113.58741,-102.67707,0.18227,1.22005
ILRFQQIWVYFNFQAFL,-113.72918,-104.18611,0.18208,1.21892
HLRFLQIWVYFNFQAFL,-116.09531,-103.67586,0.18225,1.21984
HLRFLQIWVYFHFQAFL,-118.16029,-104.85273,0.18229,1.22
YLRFLQIWVYFHFQAFL,-119.03261,-104.72554,0.18227,1.2199
YLRFLEIWVYFHFQAFL,-118.50613,-104.48544,0.18223,1.21967
YLRFLEIWVYMHFQAFL,-116.35156,-103.84262,0.1823,1.22005
YLRFLEIWVYMSFQAFL,-115.48819,-102.29188,0.18221,1.21957
YLRFLSIWVYMSFQAFL,-116.51245,-103.11016,0.1822,1.21959
YLCFNGIWVYMSFQAFL,-114.65902,-102.151,0.18214,1.21925
YLCFNAIWVYMSFWAFL,-116.4202,-102.25654,0.18224,1.21964
YLCFNAIWVYMSFWAFT,-115.49376,-101.92205,0.18226,1.21975
WVYFKYLIYLEYYFNPW,-115.58022,-102.80694,0.18213,1.21911
WVYFKYLINLEYYFNPW,-114.40876,-103.02139,0.18222,1.21958
WVYFKYLINLEYIFNPW,-116.05675,-102.33234,0.18232,1.22025
IVYFTYLINLVYQFNIW,-115.97836,-102.18189,0.18206,1.21878
IVYFTYLINLVFQFNIW,-118.17266,-102.56476,0.18209,1.21888
IVYFPYLINLVFQFNIW,-117.84571,-103.19023,0.18216,1.21932
IVYFPYLIHLVFQFNIW,-119.362,-103.12453,0.18222,1.21955
IVYFGYLIHLVFQFNIW,-118.65963,-103.28172,0.18215,1.21915
IVYFGYLIHLVFQFGIW,-118.80356,-102.47279,0.18222,1.21945
IVYFGYFIHLVFQFGIW,-119.30611,-104.03897,0.18222,1.21949
FHPFGKLIHLIDLRIAW,-114.26906,-101.89134,0.18226,1.21984
FIYWYRLIAMIDLYFGV,-118.99871,-102.70472,0.18227,1.21991
FHNHLRLIYPIYLDFGM,-115.55369,-103.20543,0.18224,1.21975
FHNHLRLIYPIYLDIGM,-114.35747,-103.70468,0.18223,1.21965
FHNHLRLIYPIYLIIGM,-117.21355,-102.57614,0.18226,1.21989
FHDLLFLEIGIYLIWGM,-123.38522,-101.95986,0.18232,1.22016
FHDLLGLEIGIYLIWGM,-115.4185,-102.91541,0.18222,1.21968
FYDLLGLEIGIYLIWGM,-116.65236,-102.91976,0.18231,1.22018
FYDLLGLEIGIGLIWGM,-113.45592,-103.06669,0.18226,1.21987
FYDLLYLEIGIGLIWGM,-116.67299,-103.04677,0.18234,1.22034
LYDLLYLEIGIGLIWGM,-116.69776,-102.73261,0.18229,1.22009
LYHLLGLELFMKMIWGM,-118.97308,-102.79355,0.18239,1.22057
LYHLLGLELFMKMIWGY,-118.73551,-103.20456,0.18238,1.22057
LYTLLGLELFMKMIWGY,-118.8878,-102.96712,0.18234,1.22031
CYYKLVLDLFPKMIIIY,-117.45799,-102.09101,0.18224,1.21987
CYYLYVLDLFPKLIIIE,-120.73526,-101.99946,0.18241,1.22072
CYYLYVLDYFPKLIIIE,-119.55167,-102.0927,0.18241,1.2207
CYYLYVLDIFPKLIHIE,-115.74765,-102.30972,0.18237,1.22049
CYYLYVLDIFPKLIHIW,-116.47671,-102.98034,0.18233,1.22024
CYYLYMLDIFPKLIHIW,-117.09522,-102.02301,0.18238,1.22051
CYYLYMLDIFPKLIDIW,-116.2164,-102.75585,0.18235,1.22037
AWILKFMFYFWMNFHIT,-120.72884,-102.04032,0.18235,1.22028
AWILKFMRYFWMNFHIT,-117.84525,-102.75077,0.18237,1.22046
AWILKFMRYFAMAFHIT,-117.35586,-102.14825,0.18212,1.21914
AWILKFMRYLAMAFHIT,-117.03408,-102.53918,0.18207,1.21882
AWILKFMRYLAVAFHIT,-116.97965,-102.77539,0.18213,1.21914
AWILKFMRYLAVAFWIT,-118.37255,-103.24522,0.18219,1.21945
NWILKFMRYLAVAFWIT,-118.5,-102.71385,0.18216,1.21933
NWILKFMRYLAVLFWIT,-120.37504,-102.29996,0.18216,1.21924
WTGRFLDPLPLYMLIKE,-115.05233,-104.62458,0.18235,1.22036
WTGVFLDPLPLYMLIKE,-119.15311,-104.79386,0.18236,1.22037
WTGVFLDPLPLYMLIFE,-119.71709,-102.86229,0.18222,1.2196
WTGVFLDPLPVYMLIFE,-117.38732,-102.7312,0.18222,1.21968
WTGVFLDDLPVYMLIFE,-118.2364,-102.25953,0.18228,1.22008
WTGVFLDDLFVYMLIFE,-119.38204,-102.44047,0.18221,1.21959
AGTVFLADLFATMPLFE,-114.35019,-101.94162,0.18212,1.21904
AGVVFLADLFATMPLFE,-116.71011,-102.56214,0.1821,1.21897
AGVVFLADLFATMPLFA,-117.41232,-102.70825,0.18207,1.21881
AGVVFLADLFATMPLFV,-117.44175,-103.20055,0.18207,1.21877
AGVVFLADLFHTMPLFV,-116.90327,-103.91895,0.18206,1.21877
AGVVFLADLFHTIPLFV,-117.888,-104.92847,0.18207,1.21885
AGVFFLADLFHTIPLFV,-119.4691,-104.75472,0.18215,1.21926
AGVFFLADLFHTLPLFV,-119.7474,-105.11282,0.18215,1.21925
YGCFLLGILTRMFHWFK,-114.79082,-101.92123,0.18233,1.22031
YGCFLLGILMRMFHWFK,-117.66927,-102.43188,0.18239,1.22062
YACFLLGILMRMFHWFK,-117.65775,-101.9034,0.18233,1.22029
YWCFNLQPLMITFDEFC,-118.97426,-102.95729,0.18236,1.22048
YWWFNFWPLHITFFEFC,-118.35751,-101.98359,0.18241,1.22071
PGWFNFYPQFIMFLEWW,-121.69529,-102.07299,0.18236,1.22024
FGWFNFYPQFIMFLEWW,-122.34549,-102.80925,0.18232,1.2201
FGWFNFYPQFIMFLEFW,-121.98234,-103.23799,0.18234,1.22019
FGWFNFYPQFIHFLEFW,-117.84012,-107.3136,0.18237,1.22039
HGWFNFYPQFIHFLEFW,-118.07901,-106.54597,0.18243,1.22071
HGWFNFYMQFIHFLEFW,-120.16353,-102.74805,0.18229,1.22001
VKWFSFMCSFINYLGVV,-114.34301,-102.2835,0.18233,1.22027
VEWFSFMCSFINYLGVV,-114.65894,-102.37371,0.18231,1.22013
VEWFSFMCSFINYFGVV,-115.11041,-102.0271,0.18229,1.22007
TEWFTFMCSFLNFFGVG,-116.80302,-102.37458,0.1824,1.22073
TEWFTFMCSFLNFFGMG,-116.92384,-102.54385,0.1824,1.2207
TEWFTFMKSFLNFFIMG,-115.27723,-102.75631,0.1822,1.21953
WKWWLELYSRFHMHILFED,-113.57333,-102.28051,0.18243,1.22081
HANHKLIVNIGFIHIICRV,-117.11848,-102.21998,0.18244,1.22072
HFNHKLIVNIGFWHIICMV,-118.8698,-102.66079,0.18232,1.22008
HFNHKLMVNIGFWHIICVV,-117.99884,-103.51756,0.18242,1.22057
EFNHKLMVNIGFWHIICVV,-118.03928,-103.3968,0.18241,1.22053
EFNHKLMVTIGLWCIICVV,-118.01736,-102.96431,0.18235,1.22027
EFCLKLMVTIPLECIICVV,-116.55793,-102.16402,0.18242,1.22063
EFCLKLLVAIPLECIICGV,-119.60946,-103.08036,0.1824,1.22061
EFRLKLLVAIPLECIICSV,-117.0033,-103.19021,0.18235,1.22032
EFHLKLLHAIPLECIICSV,-119.07936,-103.9269,0.18241,1.2206
ELHLKLLHAIPLECIICSV,-118.4666,-104.17341,0.18236,1.22032
YLHLKLLHAIPLECIICSV,-118.07168,-104.30639,0.18237,1.22044
YLHLKLLAAIPLECIICSV,-115.38155,-104.29483,0.1823,1.22003
YLHLKLLAAIPLECIICVV,-116.66395,-103.10624,0.18233,1.2202
YIHLKLLAAIPLECIICVV,-116.74567,-103.23399,0.18232,1.22017
YIHLKLLHAIPLECIICVV,-119.59935,-102.46538,0.18238,1.22049
YFHLKLLHAIPLECWICAV,-116.94298,-104.15933,0.18236,1.22034
YFHLKLLHAIPLECWICAS,-116.44185,-104.26302,0.18242,1.22063
YFHLKLLHAIPLLCWICAS,-121.1331,-103.46548,0.1824,1.22054
FFLKYDLWTIGLSIDIRLL,-113.59758,-102.29655,0.18243,1.22064
FFLKYDLWHIGLVIDIRLL,-119.86827,-102.45154,0.18238,1.2205
FFLKYDLWHIGLLIDIRLL,-121.49853,-103.08715,0.18226,1.21983
FLLFYDLWHIGLLIHFRLL,-125.21061,-104.90622,0.18227,1.21991
GLFFYDLWGINLLLHDDLL,-120.83643,-104.85766,0.18241,1.22059
CLFFYDLWMDNLLLHDDIL,-115.86462,-104.40792,0.18239,1.22051
DPFCMLNIMGKFALSLILW,-113.92749,-103.68249,0.18232,1.22014
DPFHMVFIQFNFALSLGLF,-114.52418,-102.73495,0.18232,1.22009
DPMLTFFHRFGRYLALGLF,-114.05384,-104.06108,0.18215,1.21926
DPMLTFFLRFGRYLNLGLF,-118.02895,-102.90746,0.18223,1.21952
DPMLTFFLRFHRYLNLGLF,-118.48543,-103.13345,0.18223,1.21955
DPMLTFFLRFHRYLNLGLE,-117.29447,-102.69505,0.18224,1.21965
DPMLTFFLRFHRYLNIGLE,-116.95749,-102.60446,0.18226,1.21974
DPMLTFFLNFHRYLNIGLE,-116.06154,-102.67806,0.18229,1.22001
DPMLSFFLNFHRYLNIGLE,-115.3449,-102.67331,0.18228,1.22001
DPMLSFLLNFHRYLNIGLE,-114.82514,-102.77758,0.18227,1.21997
DPMLSFLLNFERYLNIGLE,-115.04222,-102.05842,0.1823,1.22011
DPMLSFLLNFERYLAIGLE,-116.91585,-103.1674,0.18215,1.21927
DPMLSFLLNFERYLAIGVE,-116.61327,-103.33168,0.18215,1.21924
VPMLSFLLNFERYLAIGVE,-117.68743,-103.34225,0.18215,1.21924
VPMISFLSFIPRWLAIGHI,-114.90862,-102.9563,0.18232,1.22018
VPMISFLSFIGRWLAIGHI,-115.00111,-103.68686,0.18228,1.21995
VPMGSFLSFIGRWLAIGHI,-113.95315,-104.02455,0.18224,1.21973
MPMGSFLSFIGRWLAIGHI,-114.31778,-104.20033,0.18224,1.21978
MDMGSFLYFIGGWLAIGHI,-118.56735,-102.34688,0.18237,1.22035
MDMGSFLHFIGGWLAIGHI,-114.30428,-102.9043,0.18234,1.2203
MDMGTFLHFIGGWLAIGHI,-114.29696,-102.38809,0.18236,1.22035
MDMVTFLHFIGGWLAIGHI,-115.76283,-102.65795,0.18237,1.22039
MDIVTFLHFIGGWLAIGHI,-115.7138,-102.69789,0.18239,1.22052
MDIVTFLHFIGGLLAIGHI,-116.4707,-103.61996,0.18241,1.22064
MTIVTFLHFIGGLLAIGHI,-116.4863,-104.67257,0.18234,1.22029
MTIVVFLHFIGGLLAIGHI,-117.94614,-103.73444,0.18231,1.2201
MKIVVFLHFIGGLLAIGHI,-118.01501,-103.64252,0.18237,1.22041
MRIVVFLHFIGGLLAIGHI,-118.10498,-103.63017,0.18235,1.22029
MRIVSFLHFIGGLLAIGHI,-116.51204,-104.93815,0.18235,1.22036
MRIVSFLHFIGGLLAIGLI,-117.49228,-104.94249,0.18236,1.22034
MRWVSFLHFIGGLLAIGLI,-117.75815,-105.30015,0.18234,1.22024
MEWVSFLHFIGGLLAIGLI,-117.57722,-104.76941,0.18235,1.22025
MEWMSFLHFIGGLLAIGLI,-118.01348,-103.93203,0.18229,1.21995
MIWMSFLHFIGGLLAIGLI,-120.03607,-104.78439,0.18234,1.22019
MIFMSFLHFIGGLLAIGLI,-120.53222,-104.05719,0.18232,1.22011
YILNSFLKFIGQLLLIGLS,-121.42938,-101.99711,0.18232,1.22011
YILNTFLKFIGQLLLIGLS,-121.61972,-102.16854,0.18228,1.2199
AILNTFLKFIGQLLLIGLS,-121.52501,-102.10566,0.18225,1.21973
AILNTFLKFIGQLLLIGCS,-121.44544,-102.02357,0.1824,1.22055
AILNTFLRFIGQLLLIGCS,-122.43422,-102.06672,0.18241,1.22059
FILNTFLRFIGQLLLIGCS,-123.04701,-102.08287,0.18244,1.22072
VILNTFLRFIGQLLLIGCS,-122.70952,-102.16017,0.18243,1.22065
VILNTFLRFIGQLLLITCS,-122.72304,-102.01084,0.1824,1.22045
VICLTFLRFIGQLLLITCS,-122.95873,-102.86632,0.18239,1.22043
VIQLSFLGFIMYNLGISCS,-118.40119,-102.78226,0.18232,1.22016
VIQLSFLGFIMSNLGISCS,-114.71447,-103.64977,0.18238,1.22052
VIQLSFLGFIMSNLGISFS,-115.3743,-103.93467,0.18218,1.21943
FIQLSFLGFIMSNLGISFS,-115.98286,-103.84534,0.18217,1.21938
FIQLSFLGFIMNNLGISFS,-115.74552,-105.20617,0.18223,1.21973
FIQLSFLGFIMNPLGISFS,-115.98901,-104.98843,0.18233,1.22024
FIQLSFLGFIMTPLGISFS,-116.73383,-103.38684,0.1822,1.21951
FIQLSFLGFIYTPLGISFS,-114.82634,-104.20824,0.18212,1.21913
FIQLSFLCFIYTPLGISFS,-118.04333,-101.9212,0.18241,1.22059
FIQLSFLWFIYTPLGISFS,-119.23397,-103.20898,0.18244,1.22081
FIQLLFLNFIYTPLGIFFS,-121.15167,-102.50403,0.18214,1.21915
MIQLLFLNFIYTPLGIFFS,-121.08952,-102.64482,0.18213,1.21911
KIQLLFLNFIYTPLGIFFS,-121.14481,-102.24293,0.18213,1.21913
KIQLLFLNFIYTLFGIFFS,-124.23177,-102.87018,0.18208,1.2188
KIQLLFLNFIYTLFGIFYS,-123.73659,-103.33694,0.18208,1.21876
KIQLLFLNFIYTLFSIFYS,-123.30067,-103.64413,0.1821,1.21893
YIQLLFLNFIYTLFSIFYS,-123.11559,-104.08968,0.18211,1.21896
YFQLLFLNFIYTLFSIFYS,-123.87753,-104.07148,0.18209,1.21886
YMQLLFLNFIYTLFSIFYS,-123.09153,-104.0355,0.18211,1.21898
YMQLLFLNFIYSLFSITYS,-118.56605,-105.24985,0.18212,1.21908
YMALLFLNFIYSLFSITYS,-118.81978,-105.56422,0.1821,1.21894
YMALLFLNFIYSLFSITYM,-119.57994,-105.46888,0.18212,1.21903
YMALLFLNFIYSLFSIRYM,-119.42752,-105.8759,0.18214,1.21913
YMALLFLNFIYSLFSIRVM,-119.76555,-105.9888,0.18219,1.21942
YMALLFLEFIYSLFSIRVM,-119.75724,-104.8403,0.18218,1.21935
YMALLFLEFIYSLFSIRHM,-119.01023,-105.26035,0.18217,1.21928
MMALLFLEFIYSLFSIRHM,-118.93381,-105.45366,0.18218,1.21934
MMALLFLEFIYSLISIRHM,-119.06904,-105.32806,0.18224,1.21967
MMALCFLEFIYSLISIRHM,-117.27839,-105.47455,0.18232,1.22009
MMALCFLEFIYSLIMIRHM,-120.24312,-103.48582,0.18234,1.22016
MMALCFLEFIYALCMFSWL,-120.96648,-102.21178,0.18239,1.22051
MMALCFLEFIYALCSFSWL,-118.93112,-103.10632,0.1823,1.22016
MFALWFLQFVFALCSFSEL,-124.116,-103.60212,0.18244,1.22076
RGYFVYQVFIGLQILKA,-114.87155,-102.05153,0.18244,1.22069
LGNFYHFFTIQGFIQLG,-115.77141,-102.03266,0.18226,1.21992
QNEMFNLWYSFYLCFKQ,-116.2863,-102.31982,0.18242,1.22074
IMWIFLGIHMHMMAFFE,-116.59131,-102.36845,0.1823,1.22009
CKVIELLIPWHIFAFIE,-120.02578,-102.37071,0.18242,1.22069
CVVIELLYPWHLFRFIW,-117.57972,-102.20728,0.1824,1.22056
GVVIELLYPWHLFRFIW,-117.92428,-102.04753,0.1824,1.22053
GVVIELLYPWHLFRFII,-117.98287,-101.98467,0.18239,1.22046
TIVIPLLLPIAFQYNIA,-115.97824,-104.28386,0.18221,1.21951
TIVIPQLLPIAFQYNIA,-114.18624,-104.31232,0.18219,1.21945
TIIIPQLLPIAFQYNIA,-114.92151,-104.05652,0.18221,1.21953
KIIIPALLRIMFRVAIN,-114.80078,-101.99455,0.18203,1.21853
VPFQFCLRWGSFFSCLQVL,-114.67436,-101.94019,0.18236,1.22037
VPFQFCLRWMSFFSCLQVL,-117.49699,-102.67659,0.18239,1.22056
VPFQFELRWMSFFSCLQVL,-115.51149,-102.76996,0.18239,1.22048
VASRFVLHWHLRFRFLQYP,-114.18865,-103.00179,0.18227,1.21988
VASRFVLHWHLRFLFDQYP,-116.51615,-102.16366,0.18229,1.22005
VASRFVLHWHLRFLFDQYS,-116.09782,-102.10093,0.18227,1.21995
VAWRFVLHWHLRFLFDQYS,-118.37544,-103.77757,0.18232,1.22017
VAWRFVVHWHLKFLFDQYS,-115.41793,-102.88136,0.18232,1.2202
VAWQFVVHWHLKFLFDQYS,-114.70753,-102.73028,0.18236,1.22039
LAWQFVVHWHLKFLFDQYS,-114.93327,-102.80014,0.18236,1.22043
LAWQFVVHWHLKFLFVQYS,-116.54803,-102.82549,0.1823,1.22006
LAWQFVVHIHLKFLFVQYS,-115.59005,-103.71222,0.1822,1.2195
LAWQFVVHIHLKFLFVQYA,-115.86057,-103.85156,0.18219,1.21945
LAWFFVVHIHLKFLFVQYA,-118.99415,-102.40288,0.18219,1.21939
LAWFFVVHIHLKSLFVQYA,-117.17977,-103.07683,0.18224,1.21972
LAWFFVVEIHLKSLFVQYA,-115.20768,-103.33868,0.18219,1.21946
LAWFFVVEIHLKCLFVQYA,-115.94622,-102.58364,0.18238,1.22049
LAWRFVVEIHLKMLFVQYA,-113.46385,-103.15911,0.18218,1.21936
LAWRFVVHIHLKMLFVQYA,-115.17476,-102.60223,0.18217,1.21934
LRWRFVVHLHLFKLFVQYY,-120.54188,-102.34896,0.18222,1.21956
LRWRFVVHLQLFKLFVQYY,-120.31778,-103.13459,0.18217,1.21927
LRWRFHVHLQLFKLFVQYY,-117.81798,-104.02998,0.18217,1.21938
LRWRFRVHLQLFKLFVQYY,-117.91108,-104.25665,0.18211,1.21904
LRWRFRVHLQLFKLFVPYY,-118.57676,-103.91533,0.18215,1.21927
LRWRFLVHLQLFKLFVPYY,-123.59104,-102.49724,0.18224,1.21972
LRWRFLVHLQLFKLFVPYT,-123.60263,-102.21029,0.1822,1.2195
LRPSFLPHLQLDLLFVPYT,-116.37433,-102.4952,0.18221,1.21967
LRPSFLPHLRLDLLFVPLT,-116.84356,-102.54427,0.18226,1.21996
LRPSFLPHLRLDLRFVPLT,-113.69372,-103.56703,0.1823,1.22011
LRWSFLPHLRLDLRFVPLT,-116.10376,-105.21024,0.18232,1.22016
LEWSFLPHLRLDLRFVPLT,-116.21924,-104.96452,0.18229,1.22001
LEWMFLPHLRLDLRFVPLT,-118.00352,-104.40911,0.18229,1.21997
LEWMFLPHLRLDLRFVGLT,-117.20032,-105.62816,0.18231,1.22005
LEWRFLPHLRLDLRFVGLT,-115.24484,-105.72603,0.18234,1.22027
LYWRFLPHLRLDLRFVGLT,-114.48217,-106.30784,0.18241,1.22069
LYWRFLPHLRLDLRFVSLT,-114.51112,-106.27801,0.18242,1.22076
LPWRFLPHLRLDLIFVSLT,-117.31119,-104.15043,0.18243,1.22082
LPWRFLPWLRLDLIAVSLT,-120.53373,-102.14241,0.18244,1.22081
FNESFFYFHMVDLILHEFR,-121.32679,-103.59203,0.18237,1.22042
FDISRFYFHMVVNILHCFA,-114.23282,-102.10794,0.18233,1.22022
FTIKFFMFDMVVDILHCFA,-114.95592,-102.31277,0.1824,1.22055
FTIKFFMFDMVIDILHCFA,-116.09466,-102.58416,0.18241,1.22061
FTIKFFMFDMVIDILPCFA,-118.30837,-102.12742,0.18241,1.22056
FTIKLHYFDMVIGILPCGA,-114.84477,-102.58651,0.18244,1.22084
FTIKLHYFDMIIGILPCIA,-118.7828,-103.43245,0.18243,1.22076
FNIKLHYFDMIIGILPCIA,-118.30857,-103.59035,0.18236,1.22033
FNISLHYFDMIIGILPCIA,-118.11316,-103.99262,0.18242,1.22072
